ticker,name,exchange,industry,sector,MarketCap,InternalOwnership,ExternalOwnership,StateOwnership,AvgValue20P
AAA,Công ty cổ phần Nhựa An Phát Xanh,HOSE,Công nghiệp tổng hợp,Hàng hóa và dịch vụ công nghiệp,2893967660700,0.097,99.903,0.25,37829282150
AAM,Công ty Cổ phần Thủy sản Mekong,HOSE,Sản xuất thực phẩm,Thực phẩm & Đồ uống,112872765600,60.183,39.817,0,33221475
AAS,Công ty Cổ phần Chứng khoán SmartInvest,UPCOM,Dịch vụ tài chính,Dịch vụ tài chính,175925000000,10.645,89.355,0,8105419560
AAV,Công ty cổ phần Việt Tiên Sơn Địa ốc,HNX,Xây dựng & Vật liệu,Xây dựng & Vật liệu,321937459600,44.232,55.768,0,4040446245
ABC,Công ty cổ phần Truyền thông VMG,UPCOM,Viễn thông di động,Viễn thông,356420109000,0.252,99.748,28.3,1034124460
ABI,Công ty Cổ phần Bảo hiểm Ngân hàng Nông nghiệp (ABIC) ,UPCOM,Bảo hiểm phi nhân thọ,Bảo hiểm,1312968068400,1.646,98.354,51.32,744100445
ABS,Công ty Cổ phần Dịch vụ Nông nghiệp Bình Thuận,HOSE,Dược phẩm & công nghệ sinh học,Y tế,655197777500,19.652,80.348,0,3790743075
ACB,Ngân hàng Thương mại Cổ phần Á Châu,HOSE,Ngân hàng,Ngân hàng,60955948572000,6.326,93.674,0,264617076225
ACC,Công ty cổ phần Đầu tư và Xây dựng Bình Dương ACC,HOSE,Xây dựng & Vật liệu,Xây dựng & Vật liệu,417000000000,0.003,99.997,0,745748450
ACE,Công ty Cổ phần Bê tông ly tâm An Giang,UPCOM,Xây dựng & Vật liệu,Xây dựng & Vật liệu,85726946100,38.435,61.565,0,47370000
ACL,Công ty Cổ phần Xuất nhập khẩu Thủy sản Cửu Long An Giang,HOSE,Sản xuất thực phẩm,Thực phẩm & Đồ uống,649559296050,70.241,29.759,0,810577100
ACM,Công ty Cổ phần Tập đoàn khoáng sản Á Cường,HNX,Khai thác mỏ,Tài nguyên,40800000000,11.076,88.924,0,276377010
ACS,Công ty Cổ phần Xây lắp Thương mại 2,UPCOM,Xây dựng & Vật liệu,Xây dựng & Vật liệu,44654040000,50.732,49.268,0,30607500
ACV,Tổng công ty cảng hàng không Việt Nam - CTCP,UPCOM,Giao thông công nghiệp,Hàng hóa và dịch vụ công nghiệp,170363787220488,0,100,95.4,23825717750
ADC,Công ty Cổ phần Mĩ thuật và Truyền thông ,HNX,Truyền thông,Phương tiện truyền thông,50490000000,18.678,81.322,37.4,183446000
ADG,Công ty Cổ phần Clever Group,UPCOM,Truyền thông,Phương tiện truyền thông,1101530377935,31.788,68.212,0,4376311820
ADP,Công ty Cổ phần Sơn Á Đông ,UPCOM,Xây dựng & Vật liệu,Xây dựng & Vật liệu,430077592000,61.874,38.126,0,35518050
ADS,Công ty Cổ phần Damsan,HOSE,Hóa chất,Hóa chất,296132697500,49.108,50.892,0,142896825
AFX,Công ty Cổ phần Xuất nhập khẩu Nông sản thực phẩm An Giang,UPCOM,Sản xuất thực phẩm,Thực phẩm & Đồ uống,421400000000,0.702,99.298,51,4056975825
AGG,CTCP Đầu tư và Phát triển Bất động sản An Gia,HOSE,Dịch vụ Đầu tư Bất Động Sản,Bất động sản,2439565903200,1.588,98.412,0,32648755475
AGM,Công ty Cổ phần xuất nhập khẩu An Giang,HOSE,Sản xuất thực phẩm,Thực phẩm & Đồ uống,223860000000,0.88,99.12,28.17,258560600
AGP,Công ty Cổ phần Dược phẩm Agimexpharm,UPCOM,Dược phẩm & công nghệ sinh học,Y tế,186533627341,23.921,76.079,0,98190700
AGR,Công ty Cổ phần Chứng khoán Agribank,HOSE,Dịch vụ tài chính,Dịch vụ tài chính,1765631607080,0.002,99.998,74.92,12952383690
AGX,Công ty Cổ phần nông sản xuất khẩu Sài Gòn ,UPCOM,Sản xuất thực phẩm,Thực phẩm & Đồ uống,340200000000,0.026,99.974,0,121252300
ALT,Công ty Cổ phần văn hoá Tân Bình ,HNX,Truyền thông,Phương tiện truyền thông,63103799000,21.708,78.292,0,156948000
AMD,Công ty cổ phần đầu tư và khoáng sản FLC Stone,HOSE,Bán lẻ,Dịch vụ bán lẻ,434922964840,0.428,99.572,0,4229077680
AMS,Công ty cổ phần Cơ khí Xây dựng AMECC,UPCOM,Xây dựng & Vật liệu,Xây dựng & Vật liệu,303030000000,18.332,81.668,0,126870865
AMV,Công ty Cổ phần Sản xuất kinh doanh dược và Trang thiết bị y tế Việt Mỹ,HNX,Dụng cụ & dịch vụ y tế,Y tế,649150969500,18.156,81.844,0,5790419640
ANV,Công ty TNHH Amicogen Nam Việt,HOSE,Sản xuất thực phẩm,Thực phẩm & Đồ uống,2790456856250,97.115,2.885,0,8369065575
APC,Công ty Cổ phần Chiếu xạ An Phú,HOSE,Hóa chất,Hóa chất,447863062500,43.998,56.002,0,1618058075
APF,Công ty Cổ phần Nông sản Thực phẩm Quảng Ngãi,UPCOM,Sản xuất thực phẩm,Thực phẩm & Đồ uống,672998402000,18.069,81.931,0,67331515
APG,Công ty Cổ phần Chứng khoán An Phát,HOSE,Dịch vụ tài chính,Dịch vụ tài chính,337906977000,14.032,85.968,0,9117102955
APH,Công ty cổ phần Tập đoàn An Phát Holdings,HOSE,Hóa chất,Hóa chất,13112954106600,10.021,89.979,0,179367166900
APS,Công ty Cổ phần Chứng khoán Châu Á - Thái Bình Dương,HNX,Dịch vụ tài chính,Dịch vụ tài chính,144300000000,16.115,83.885,0,319019630
ART,Công ty cổ phần Chứng khoán BOS,HNX,Dịch vụ tài chính,Dịch vụ tài chính,261690774300,3.772,96.228,0,4074502600
ASG,Công ty Cổ phần Tập đoàn ASG,HOSE,Giao thông công nghiệp,Hàng hóa và dịch vụ công nghiệp,2345272660800,4.065,95.935,0,511118650
ASM,Công ty Cổ phần Tập đoàn Sao Mai ,HOSE,Dịch vụ Đầu tư Bất Động Sản,Bất động sản,3546489531300,48.835,51.165,0,55157887225
ASP,Công ty Cổ phần Tập đoàn Dầu khí An Pha,HOSE,"Ga, nước & dịch vụ công cộng gia dụng",Dịch vụ tiện ích,222170274900,6.198,93.802,0,369042175
AST,Công ty Cổ phần Dịch vụ Hàng không Taseco,HOSE,Bán lẻ,Dịch vụ bán lẻ,2515500000000,1.069,98.931,0,6154328250
AVF,Công ty Cổ phần Việt An,UPCOM,Sản xuất thực phẩm,Thực phẩm & Đồ uống,8667600000,2.53,97.47,0,62074300
BAX,Công ty Cổ phần Thống Nhất,HNX,Dịch vụ Đầu tư Bất Động Sản,Bất động sản,565800000000,1.16,98.84,0,1044123450
BBC,Công ty Cổ phần Bibica,HOSE,Sản xuất thực phẩm,Thực phẩm & Đồ uống,971509266000,0.184,99.816,0,245944600
BCC,Công ty Cổ phần Xi măng Bỉm Sơn,HNX,Xây dựng & Vật liệu,Xây dựng & Vật liệu,961036533600,0.014,99.986,63.61,2971898005
BCE,Công ty Cổ phần Xây dựng và Giao thông Bình Dương,HOSE,Xây dựng & Vật liệu,Xây dựng & Vật liệu,255300000000,4.437,95.563,0,1374143595
BCG,Công ty Cổ phần Bamboo Capital,HOSE,Dịch vụ hỗ trợ,Hàng hóa và dịch vụ công nghiệp,1258053280000,33.501,66.499,0,9076455805
BCM,Tổng Công ty Đầu tư và Phát triển Công nghiệp - CTCP,HOSE,Dịch vụ Đầu tư Bất Động Sản,Bất động sản,41917500000000,1.371,98.629,0,4158538450
BDG,CÔNG TY CỔ PHẦN MAY MẶC BÌNH DƯƠNG,UPCOM,Hàng hóa cá nhân,Đồ dùng cá nhân và đồ gia dụng,577608000000,3.279,96.721,0,866979500
BDT,Công ty cổ phần Xây lắp và Vật liệu xây dựng Đồng Tháp,UPCOM,Xây dựng & Vật liệu,Xây dựng & Vật liệu,755041810200,0.289,99.711,0,164619180
BFC,Công ty Cổ phần Phân bón Bình Điền ,HOSE,Hóa chất,Hóa chất,923263086950,0.437,99.563,65,6795262175
BHN,Tổng Công ty Cổ phần Bia - Rượu - Nước giải khát Hà Nội,HOSE,Đồ uống,Thực phẩm & Đồ uống,17825420000000,0.003,99.997,81.79,244244850
BIC,Tổng Công ty Cổ phần Bảo Hiểm Ngân hàng Đầu tư và Phát triển Việt Nam ,HOSE,Bảo hiểm phi nhân thọ,Bảo hiểm,2427631726500,0.032,99.968,50.95,2139605350
BID,Ngân hàng Thương mại Cổ phần Đầu tư và Phát triển Việt Nam ,HOSE,Ngân hàng,Ngân hàng,187023838860000,0.007,99.993,80.99,110848116500
BII,Công ty Cổ phần Đầu tư và Phát triển Công nghiệp Bảo Thư ,HNX,Dịch vụ Đầu tư Bất Động Sản,Bất động sản,92288000000,17.162,82.838,0,586693605
BMC,Công ty Cổ phần Khoáng sản Bình Định,HOSE,Khai thác mỏ,Tài nguyên,140036719000,1.015,98.985,25,322640225
BMI,Tổng Công ty Cổ phần Bảo Minh ,HOSE,Bảo hiểm phi nhân thọ,Bảo hiểm,2781730426650,0.048,99.952,50.7,18010061475
BMJ,Công ty cổ phần khoáng sản Miền Đông AHP,UPCOM,Khai thác mỏ,Tài nguyên,171000000000,0.018,99.982,0,37544750
BMP,Công ty Cổ phần nhựa Bình Minh,HOSE,Xây dựng & Vật liệu,Xây dựng & Vật liệu,5271844407200,1.691,98.309,0.02,20281088950
BNA,Công ty Cổ phần Đầu tư Sản xuất Bảo Ngọc,HNX,Bán lẻ thực phẩm & thuốc,Dịch vụ bán lẻ,268000000000,51.811,48.189,0,6075131155
BOT,Công ty cổ phần BOT Cầu Thái Hà,UPCOM,Xây dựng & Vật liệu,Xây dựng & Vật liệu,2549111500000,0.016,99.984,0,915684500
BSA,Công ty cổ phần Thủy điện Buôn Đôn,UPCOM,Điện lực,Dịch vụ tiện ích,777725450436,1.503,98.497,0,56245095
BSI,Công ty Cổ phần Chứng khoán Ngân hàng Đầu tư và Phát triển Việt Nam,HOSE,Dịch vụ tài chính,Dịch vụ tài chính,1373748785700,0.021,99.979,0,2285360945
BSL,Công ty Cổ phần Bia Sài Gòn - Sông Lam,UPCOM,Đồ uống,Thực phẩm & Đồ uống,432000000000,6.737,93.263,0,39658500
BSP,Công ty Cổ phần Bia Sài Gòn - Phú Thọ,UPCOM,Đồ uống,Thực phẩm & Đồ uống,222500000000,20.311,79.689,0,41415000
BSR,Công ty cổ phần Lọc – Hóa dầu Bình Sơn,UPCOM,Sản xuất dầu khí,Dầu khí,26602286705280,0.001,99.999,92.13,52662894810
BTD,Công ty cổ phần Bê tông Ly tâm Thủ Đức,UPCOM,Xây dựng & Vật liệu,Xây dựng & Vật liệu,144552276013,4.152,95.848,0,369748545
BTP,Công ty Cổ phần Nhiệt điện Bà Rịa,HOSE,Điện lực,Dịch vụ tiện ích,858895520000,0,100,79.56,159054325
BTT,Công ty Cổ phần Thương mại - Dịch vụ Bến Thành,HOSE,Bán lẻ,Dịch vụ bán lẻ,526500000000,1.135,98.865,41.39,39735075
BVB,Ngân hàng TMCP Bản Việt,UPCOM,Ngân hàng,Ngân hàng,4178109600000,17.213,82.787,0,17765258365
BVG,Công ty Cổ phần Thép Bắc Việt,UPCOM,Xây dựng & Vật liệu,Xây dựng & Vật liệu,17288430804,37.158,62.842,0,124767200
BVH,Tập đoàn Bảo Việt ,HOSE,Bảo hiểm phi nhân thọ,Bảo hiểm,43500113970400,0.034,99.966,62.84,55547601100
BVS,Công ty Cổ phần Chứng khoán Bảo Việt,HNX,Dịch vụ tài chính,Dịch vụ tài chính,1018022044500,0.158,99.842,0,6444338145
BWE,Công ty Cổ phần Nước - Môi trường Bình Dương,HOSE,"Ga, nước & dịch vụ công cộng gia dụng",Dịch vụ tiện ích,4627500000000,9.06,90.94,25,27439209275
BWS,Công ty cổ phần Cấp nước Bà Rịa - Vũng Tàu,UPCOM,"Ga, nước & dịch vụ công cộng gia dụng",Dịch vụ tiện ích,3160260000000,6.537,93.463,10.51,63829970
C32,Công ty cổ phần CIC39,HOSE,Xây dựng & Vật liệu,Xây dựng & Vật liệu,379511161250,2.366,97.634,0,5024574700
C47,Công ty Cổ phần Xây dựng 47,HOSE,Xây dựng & Vật liệu,Xây dựng & Vật liệu,163903851900,7.028,92.972,0,1857605385
C4G,Công ty cổ phần Tập đoàn CIENCO4,UPCOM,Xây dựng & Vật liệu,Xây dựng & Vật liệu,1010200000000,12.355,87.645,0,8451849015
C69,Công ty cổ phần Xây dựng 1369,HNX,Xây dựng & Vật liệu,Xây dựng & Vật liệu,228000000000,28.686,71.314,0,861527440
CAP,Công ty Cổ phần Lâm nông sản thực phẩm Yên Bái,HNX,Sản xuất giấy & Trồng rừng,Tài nguyên,196874464800,30.999,69.001,0,407557605
CAT,Công ty Cổ phần Thủy sản Cà Mau,UPCOM,Sản xuất thực phẩm,Thực phẩm & Đồ uống,134735110359,47.75,52.25,0,34287670
CAV,Công ty Cổ phần dây cáp điện Việt Nam ,HOSE,Dụng cụ điện & Điện tử,Hàng hóa và dịch vụ công nghiệp,4053004815000,0.239,99.761,0,65818800
CCI,Công ty Cổ phần Đầu tư Phát triển Công nghiệp Thương mại Củ Chi,HOSE,Bán lẻ,Dịch vụ bán lẻ,249960746250,6.625,93.375,25.68,37190650
CCL,Công ty Cổ phần Đầu tư và Phát triển Đô thị Dầu khí Cửu Long,HOSE,Dịch vụ Đầu tư Bất Động Sản,Bất động sản,368124108750,26.992,73.008,0,2050650010
CDC,Công ty Cổ phần Chương Dương,HOSE,Xây dựng & Vật liệu,Xây dựng & Vật liệu,379309704900,35.74,64.26,0,1158608375
CDN,Công ty Cổ phần Cảng Đà Nẵng,HNX,Giao thông công nghiệp,Hàng hóa và dịch vụ công nghiệp,2564100000000,0.138,99.862,0,34653800
CDP,Công ty cổ phần Dược phẩm Trung ương Codupha,UPCOM,Dược phẩm & công nghệ sinh học,Y tế,185693342400,2.114,97.886,0,41127510
CEE,Công ty Cổ phần Xây dựng Hạ tầng CII,HOSE,Xây dựng & Vật liệu,Xây dựng & Vật liệu,718900000000,2.659,97.341,0,870123350
CEN,Công ty Cổ phần Dịch vụ Hàng Không Cencon Việt Nam,UPCOM,Bán lẻ,Dịch vụ bán lẻ,25929224400,50.011,49.989,0,113055005
CEO,Công ty Cổ phần Tập Đoàn C.E.O,HNX,Dịch vụ Đầu tư Bất Động Sản,Bất động sản,2135921875500,34.218,65.782,0,20432817870
CET,Công ty Cổ phần Tech - Vina,HNX,Hóa chất,Hóa chất,16940000000,27.322,72.678,0,154869160
CHP,Công ty Cổ phần Thủy điện miền Trung,HOSE,Điện lực,Dịch vụ tiện ích,2886833926200,0.733,99.267,45.94,464338775
CIA,Công ty Cổ phần Dịch vụ Sân bay Quốc tế Cam Ranh,HNX,Giao thông công nghiệp,Hàng hóa và dịch vụ công nghiệp,277909646400,4.445,95.555,0,513117800
CII,Công ty Cổ phần Đầu tư Hạ tầng Kỹ thuật Thành phố Hồ Chí Minh ,HOSE,Dịch vụ Đầu tư Bất Động Sản,Bất động sản,4478217787500,3.403,96.597,0,39278029350
CKG,CÔNG TY CÔ PHẦN TẬP ĐOÀN TƯ VẤN ĐẦU TƯ XÂY DỰNG KIÊN GIANG,HOSE,Hàng gia dụng,Đồ dùng cá nhân và đồ gia dụng,690372120150,20.252,79.748,3.18,13924244075
CLC,Công ty Cổ phần Cát Lợi,HOSE,Thuốc lá,Đồ dùng cá nhân và đồ gia dụng,820297347900,0.191,99.809,0,108733975
CLG,Công ty Cổ phần Đầu tư và Phát triển Nhà đất Cotec ,HOSE,Dịch vụ Đầu tư Bất Động Sản,Bất động sản,20092500000,1.122,98.878,0,82878185
CLH,Công ty Cổ phần xi măng La Hiên - VVMI,HNX,Xây dựng & Vật liệu,Xây dựng & Vật liệu,244800000000,10.699,89.301,0,76330975
CLL,Công ty Cổ phần Cảng Cát Lái,HOSE,Giao thông công nghiệp,Hàng hóa và dịch vụ công nghiệp,1033600000000,0.156,99.844,25.64,53643025
CLX,Công ty cổ phần Xuất nhập khẩu và đầu tư Chợ Lớn (Cholimex),UPCOM,Bán lẻ thực phẩm & thuốc,Dịch vụ bán lẻ,1491944800000,0.2,99.8,49,822371430
CMG,Công ty Cổ phần Tập đoàn Công nghệ CMC,HOSE,Phần mềm & Dịch vụ máy tính,Công nghệ,3269995618200,3.588,96.412,0,2273177250
CMS,Công ty cổ phần CMVIETNAM,HNX,Dịch vụ hỗ trợ,Hàng hóa và dịch vụ công nghiệp,44720000000,62.324,37.676,0,62549890
CMX,Công ty cổ phần Camimex Group,HOSE,Sản xuất thực phẩm,Thực phẩm & Đồ uống,478937828250,27.518,72.482,0,8905357100
CNG,Công ty Cổ phần CNG Việt Nam,HOSE,"Ga, nước & dịch vụ công cộng gia dụng",Dịch vụ tiện ích,527843607150,0.005,99.995,0,772060125
CNT,Công ty Cổ phần Xây dựng và Kinh doanh vật tư ,UPCOM,Xây dựng & Vật liệu,Xây dựng & Vật liệu,351252607200,9.414,90.586,0,72467055
COM,Công ty Cổ phần Vật Tư - Xăng Dầu,HOSE,Bán lẻ,Dịch vụ bán lẻ,662257453200,2.437,97.563,84.44,63118850
CQN,Công ty cổ phần Cảng Quảng Ninh,UPCOM,Giao thông công nghiệp,Hàng hóa và dịch vụ công nghiệp,1418443790400,0.083,99.917,0,40506660
CRC,Công ty Cổ phần Create Capital Việt Nam,HOSE,Bán lẻ,Dịch vụ bán lẻ,276000000000,23.897,76.103,0,4921258700
CRE,Công ty Cổ phần Bất động sản Thế kỷ,HOSE,Dịch vụ Đầu tư Bất Động Sản,Bất động sản,2591996500800,4.086,95.914,0,33552072825
CSC,Công ty cổ phần Tập đoàn COTANA,HNX,Dịch vụ Đầu tư Bất Động Sản,Bất động sản,449869762100,39.078,60.922,0,125388685
CSM,Công ty Cổ phần Công nghiệp Cao su Miền Nam,HOSE,Ôtô & phụ tùng ôtô,Ôtô & linh kiện phụ tùng ,1689091770600,10.142,89.858,51.26,923528450
CSV,Công ty Cổ phần hóa chất cơ bản Miền Nam ,HOSE,Hóa chất,Hóa chất,1239810000000,0.096,99.904,65.01,8748276050
CTB,Công ty Cổ phần Chế tạo Bơm Hải Dương ,HNX,Công nghiệp cơ khí ,Hàng hóa và dịch vụ công nghiệp,380304000000,15.82,84.18,0,83211000
CTD,Công ty Cổ phần Xây dựng Coteccons,HOSE,Xây dựng & Vật liệu,Xây dựng & Vật liệu,5363367881900,2.484,97.516,0,75656562400
CTF,Công ty Cổ phần City Auto,HOSE,Bán lẻ,Dịch vụ bán lẻ,976832313600,28.914,71.086,0,2825326500
CTG,Ngân hàng Thương mại Cổ phần Công Thương Việt Nam,HOSE,Ngân hàng,Ngân hàng,131808521282400,0.006,99.994,64.46,319931730750
CTI,Công ty Cổ phần Đầu tư Phát triển Cường Thuận IDICO,HOSE,Xây dựng & Vật liệu,Xây dựng & Vật liệu,772679957700,9.827,90.173,0,11396505475
CTP,CÔNG TY CỔ PHẦN MINH KHANG CAPITAL TRADING PUBLIC,HNX,Sản xuất thực phẩm,Thực phẩm & Đồ uống,39929973600,38.794,61.206,0,143835700
CTR,Công ty cổ phần Công trình Viettel,UPCOM,Viễn thông cố định,Viễn thông,4400728529196,0.185,99.815,71.82,64809726815
CTS,Công ty Cổ phần Chứng khoán Ngân hàng Công thương Việt Nam,HOSE,Dịch vụ tài chính,Dịch vụ tài chính,1181035715400,0.003,99.997,0,7447279090
CVN,CÔNG TY CỔ PHẦN VINAM,HNX,Xây dựng & Vật liệu,Xây dựng & Vật liệu,122430000000,0.785,99.215,0,5451176365
CVT,Công ty Cổ phần CMC,HOSE,Xây dựng & Vật liệu,Xây dựng & Vật liệu,1530009987900,3.229,96.771,0,24110407200
D11,Công ty Cổ phần Địa ốc 11,HNX,Dịch vụ Đầu tư Bất Động Sản,Bất động sản,176247858500,48.403,51.597,20,183803980
D2D,Công ty Cổ phần Phát triển Đô thị Công nghiệp Số 2 ,HOSE,Dịch vụ Đầu tư Bất Động Sản,Bất động sản,1703623474600,2.461,97.539,0,23138195050
DAG,Công ty Cổ phần Tập đoàn Nhựa Đông Á,HOSE,Xây dựng & Vật liệu,Xây dựng & Vật liệu,350126033920,6.573,93.427,0,3489707880
DAH,Công ty cổ phần Tập đoàn Khách sạn Đông Á,HOSE,Du lịch & Giải trí,Du lịch & Giải trí,128592000000,30.898,69.102,0,1805956890
DAT,Công ty cổ phần Đầu tư Du lịch và Phát triển Thuỷ sản,HOSE,Công nghiệp tổng hợp,Hàng hóa và dịch vụ công nghiệp,1472173216000,8.71,91.29,0,92327200
DBC,Công ty Cổ phần Tập đoàn Dabaco Việt Nam,HOSE,Sản xuất thực phẩm,Thực phẩm & Đồ uống,4976285772500,29.67,70.33,0,75376140775
DBD,Công ty Cổ phần Dược - Trang thiết bị Y tế Bình Định (Bidiphar),HOSE,Dược phẩm & công nghệ sinh học,Y tế,2317766988750,16.722,83.278,13.34,1917284525
DBT,Công ty Cổ phần Dược phẩm Bến Tre,HOSE,Dược phẩm & công nghệ sinh học,Y tế,189403396000,52.718,47.282,0,121146500
DC1,Công ty Cổ phần Đầu tư Phát triển Xây dựng số 1,UPCOM,Xây dựng & Vật liệu,Xây dựng & Vật liệu,30869657000,17.702,82.298,0,37856310
DC4,Công ty cổ phần Xây dựng DIC Holdings,HOSE,Xây dựng & Vật liệu,Xây dựng & Vật liệu,348797362200,9.886,90.114,0,204963725
DCF,Công ty Cổ phần Xây dựng và Thiết kế Số 1,UPCOM,Xây dựng & Vật liệu,Xây dựng & Vật liệu,52709724000,4.068,95.932,0,32365680
DCL,Công ty Cổ phần Dược phẩm Cửu Long ,HOSE,Dược phẩm & công nghệ sinh học,Y tế,1216222433600,0.018,99.982,0,1687586025
DCM,Công ty Cổ phần Phân Bón Dầu khí Cà Mau,HOSE,Hóa chất,Hóa chất,6564560000000,0.028,99.972,75.56,41833181675
DCS,Công ty Cổ phần Tập đoàn Đại Châu,UPCOM,Hàng gia dụng,Đồ dùng cá nhân và đồ gia dụng,30154766500,1.87,98.13,0,37493730
DDG,Công ty cổ phần Đầu tư Công nghiệp Xuất nhập khẩu Đông Dương,HNX,Dụng cụ điện & Điện tử,Hàng hóa và dịch vụ công nghiệp,804262392600,19.379,80.621,0,3496756320
DDN,Công ty Cổ phần Dược - Thiết bị y tế Đà Nẵng (DDN),UPCOM,Dược phẩm & công nghệ sinh học,Y tế,129280685996,2.652,97.348,0,58499215
DGC,Công ty cổ phần Tập đoàn Hóa chất Đức Giang,HOSE,Hóa chất,Hóa chất,7148209663500,34.677,65.323,0,40454697200
DGT,Công ty Cổ phần Công trình giao thông Đồng Nai,UPCOM,Xây dựng & Vật liệu,Xây dựng & Vật liệu,373305600000,1.543,98.457,3.83,687397540
DGW,Công ty Cổ phần Thế giới Số,HOSE,Bán lẻ,Dịch vụ bán lẻ,3401321989800,20.254,79.746,0,29741718100
DHA,Công ty Cổ phần Hoá An,HOSE,Xây dựng & Vật liệu,Xây dựng & Vật liệu,653837641200,2.971,97.029,0,1500632650
DHC,Công ty Cổ phần Đông Hải Bến Tre ,HOSE,Sản xuất giấy & Trồng rừng,Tài nguyên,3404543606400,29.564,70.436,0,22825148050
DHG,Công ty Cổ phần Dược Hậu Giang,HOSE,Dược phẩm & công nghệ sinh học,Y tế,13754486669200,0.018,99.982,43.31,666966300
DHM,Công ty cổ phần thương mại và khai thác khoáng sản Dương Hiếu,HOSE,Khai thác mỏ,Tài nguyên,299833519000,28.586,71.414,0,3811432850
DHT,Công ty Cổ phần Dược phẩm Hà Tây ,HNX,Dược phẩm & công nghệ sinh học,Y tế,1155584104400,54.763,45.237,0,1101944760
DIC,Công ty Cổ phần Đầu tư và Thương mại DIC ,UPCOM,Xây dựng & Vật liệu,Xây dựng & Vật liệu,23476104000,6.316,93.684,0,42037080
DIG,Tổng Công ty Cổ phần Đầu tư Phát triển Xây dựng,HOSE,Dịch vụ Đầu tư Bất Động Sản,Bất động sản,8204280806050,11.26,88.74,0,96765849600
DLG,Công ty Cổ phần Tập đoàn Đức Long Gia Lai,HOSE,Hàng gia dụng,Đồ dùng cá nhân và đồ gia dụng,407061219200,22.106,77.894,0,3891756970
DMC,Công ty Cổ phần Xuất nhập khẩu Y tế Domesco,HOSE,Dụng cụ & dịch vụ y tế,Y tế,1937792547000,0.099,99.901,34.71,4330941000
DNC,Công ty Cổ phần Điện nước lắp máy Hải Phòng,HNX,Xây dựng & Vật liệu,Xây dựng & Vật liệu,256892500000,79.303,20.697,0,90724000
DNM,Tổng Công ty Cổ phần Y tế Danameco ,HNX,Dụng cụ & dịch vụ y tế,Y tế,181670607500,64.737,35.263,0,1344252155
DNP,Công ty Cổ phần Nhựa Đồng Nai ,HNX,Xây dựng & Vật liệu,Xây dựng & Vật liệu,1899134884200,11.894,88.106,0,63490120
DNW,Công ty Cổ phần Cấp nước Đồng Nai,UPCOM,"Ga, nước & dịch vụ công cộng gia dụng",Dịch vụ tiện ích,2310000000000,0.214,99.786,63.99,114008000
DP3,Công ty Cổ phần Dược phẩm Trung ương 3,HNX,Dược phẩm & công nghệ sinh học,Y tế,726700000000,49.184,50.816,0,149385215
DPG,Công ty Cổ phần Đạt Phương,HOSE,Xây dựng & Vật liệu,Xây dựng & Vật liệu,1302819309500,39.588,60.412,0,18694733100
DPM,Tổng Công ty Cổ phần Phân bón và Hóa chất dầu khí,HOSE,Hóa chất,Hóa chất,6985316541000,0.084,99.916,59.58,49875766025
DPR,Công ty Cổ phần Cao su Đồng Phú,HOSE,Hóa chất,Hóa chất,1823671705500,0.066,99.934,55.81,3120398250
DQC,Công ty Cổ phần Bóng đèn Điện Quang,HOSE,Dụng cụ điện & Điện tử,Hàng hóa và dịch vụ công nghiệp,435417442800,34.971,65.029,0,738545825
DRC,Công ty Cổ phần Cao Su Đà Nẵng,HOSE,Ôtô & phụ tùng ôtô,Ôtô & linh kiện phụ tùng ,2660954352000,2.817,97.183,50.51,28705282900
DRH,Công ty Cổ phần DRH Holdings,HOSE,Dịch vụ Đầu tư Bất Động Sản,Bất động sản,470760677400,3.699,96.301,0,11926545260
DRI,Công ty Cổ phần Đầu tư cao su Đắk Lắk,UPCOM,Hóa chất,Hóa chất,558003600000,1.882,98.118,0,4413046140
DRL,Công ty Cổ phần Thủy Điện - Điện lực 3,HOSE,Điện lực,Dịch vụ tiện ích,517750000000,4.827,95.173,30.42,107667200
DS3,Công ty Cổ phần Quản lý Đường sông số 3,HNX,Giao thông công nghiệp,Hàng hóa và dịch vụ công nghiệp,42678920000,34.507,65.493,0,131343350
DSN,Công ty Cổ phần Công viên nước Đầm Sen,HOSE,Du lịch & Giải trí,Du lịch & Giải trí,567901423000,1.317,98.683,0,558969875
DST,Công ty Cổ phần Đầu tư Sao Thăng Long,HNX,Bán lẻ,Dịch vụ bán lẻ,83769400000,0,100,0,3828565355
DTA,Công ty Cổ phần Đệ Tam,HOSE,Dịch vụ Đầu tư Bất Động Sản,Bất động sản,87590185200,24.672,75.328,0,111282260
DTD,Công ty Cổ phần Đầu tư Phát triển Thành Đạt,HNX,Xây dựng & Vật liệu,Xây dựng & Vật liệu,764376373400,48.513,51.487,0,4611324565
DTI,Công ty Cổ phần Đầu tư Đức Trung,UPCOM,Dịch vụ Đầu tư Bất Động Sản,Bất động sản,112913189200,29.999,70.001,0,48520000
DTP,Công ty cổ phần Dược phẩm CPC1 Hà Nội,UPCOM,Dược phẩm & công nghệ sinh học,Y tế,547730190000,20.229,79.771,0,50791500
DVC,Công ty Cổ phần Thương mại dịch vụ tổng hợp Cảng Hải Phòng ,UPCOM,"Ga, nước & dịch vụ công cộng gia dụng",Dịch vụ tiện ích,107936700000,36.067,63.933,0,100776000
DVN,Tổng công ty Dược Việt Nam - CTCP,UPCOM,Dược phẩm & công nghệ sinh học,Y tế,3992739000000,0.014,99.986,0,10810031990
DVP,Công ty Cổ phần Đầu tư và Phát triển cảng Đình Vũ,HOSE,Giao thông công nghiệp,Hàng hóa và dịch vụ công nghiệp,1836000000000,0.283,99.717,0,2819240325
DXG,Công ty Cổ phần Tập đoàn Đất Xanh,HOSE,Dịch vụ Đầu tư Bất Động Sản,Bất động sản,7748393355950,15.438,84.562,0,87354230025
DXP,Công ty Cổ phần Cảng Đoạn Xá,HNX,Giao thông công nghiệp,Hàng hóa và dịch vụ công nghiệp,415792432000,24.344,75.656,0,7851760015
DZM,Công ty Cổ phần Chế tạo máy Dzĩ An ,HNX,Dụng cụ điện & Điện tử,Hàng hóa và dịch vụ công nghiệp,18346349000,9.612,90.388,0,61947450
EIB,Ngân hàng Thương mại Cổ phần Xuất nhập khẩu Việt Nam,HOSE,Ngân hàng,Ngân hàng,21146245948800,1.162,98.838,0.53,4991278475
EID,Công ty Cổ phần Đầu tư và Phát triển giáo dục Hà Nội,HNX,Truyền thông,Phương tiện truyền thông,211500000000,0.558,99.442,40.16,100107310
ELC,Công ty Cổ phần Đầu tư Phát triển Công nghệ điện tử - Viễn thông ,HOSE,Phần mềm & Dịch vụ máy tính,Công nghệ,379133673520,35.208,64.792,0,2578358560
EVE,Công ty Cổ phần Everpia,HOSE,Hàng gia dụng,Đồ dùng cá nhân và đồ gia dụng,513647635500,26.305,73.695,0,704246450
EVF,Công ty Tài chính Cổ phần Điện lực,UPCOM,Dịch vụ tài chính,Dịch vụ tài chính,2418748986920,0.209,99.791,7.5,1464291505
EVG,Công ty cổ phần Tập đoàn Everland,HOSE,Xây dựng & Vật liệu,Xây dựng & Vật liệu,351000000000,37.033,62.967,0,4202237250
FCM,Công ty Cổ phần Khoáng sản FECON ,HOSE,Khai thác mỏ,Tài nguyên,245180000000,0.145,99.855,0,39986405
FCN,Công ty Cổ phần FECON,HOSE,Xây dựng & Vật liệu,Xây dựng & Vật liệu,1499562546900,8.704,91.296,0,20890641700
FDC,Công ty Cổ phần Ngoại thương và Phát triển Đầu tư Thành phố Hồ Chí Minh,HOSE,Dịch vụ Đầu tư Bất Động Sản,Bất động sản,560040576000,3.118,96.882,0,51182525
FID,Công ty Cổ phần đầu tư và phát triển doanh nghiệp Việt Nam ,HNX,Bán lẻ,Dịch vụ bán lẻ,23539958000,0,100,0,129447575
FIR,Công ty Cổ phần Địa ốc First Real,HOSE,Dịch vụ Đầu tư Bất Động Sản,Bất động sản,690868525200,12.68,87.32,0,1933277650
FIT,Công ty cổ phần Tập đoàn F.I.T,HOSE,Dịch vụ Đầu tư Bất Động Sản,Bất động sản,2763823179950,6.103,93.897,0,13177123955
FLC,Công ty Cổ phần Tập đoàn FLC,HOSE,Dịch vụ Đầu tư Bất Động Sản,Bất động sản,3024590657820,28.235,71.765,0,42063665800
FMC,Công ty Cổ phần Thực phẩm Sao Ta ,HOSE,Sản xuất thực phẩm,Thực phẩm & Đồ uống,1750870800000,4.063,95.937,2.81,17152440850
FOC,Công ty cổ phần Dịch vụ Trực tuyến FPT,UPCOM,Truyền thông,Phương tiện truyền thông,1952507704000,1.189,98.811,0,134903355
FOX,Công ty Cổ phần Viễn thông FPT,UPCOM,Viễn thông cố định,Viễn thông,15781102139496,0.334,99.666,50.17,781757530
FPT,Công ty Cổ phần FPT,HOSE,Phần mềm & Dịch vụ máy tính,Công nghệ,44839372292000,12.685,87.315,5.87,127292381550
FRT,Công ty cổ phần Bán lẻ Kỹ thuật số FPT,HOSE,Bán lẻ,Dịch vụ bán lẻ,2148304742400,1.204,98.796,0,40832309025
FTM,Công ty Cổ phần Đầu tư và Phát triển Đức Quân,HOSE,Hàng hóa cá nhân,Đồ dùng cá nhân và đồ gia dụng,63500000000,32.053,67.947,0,163881165
FTS,Công ty Cổ phần Chứng khoán FPT,HOSE,Dịch vụ tài chính,Dịch vụ tài chính,1864963755300,16.653,83.347,0,6762177825
G36,Tổng công ty 36 - CTCP,UPCOM,Xây dựng & Vật liệu,Xây dựng & Vật liệu,1103530523572,30.66,69.34,0,22942493785
GAB,CÔNG TY CỔ PHẦN ĐẦU TƯ KHAI KHOÁNG & QUẢN LÝ TÀI SẢN FLC,HOSE,Xây dựng & Vật liệu,Xây dựng & Vật liệu,2674440000000,4.931,95.069,0,1462886750
GAS,Tổng Công ty Khí Việt Nam - CTCP,HOSE,"Ga, nước & dịch vụ công cộng gia dụng",Dịch vụ tiện ích,166513650000000,0.004,99.996,95.76,119125867100
GDT,Công ty Cổ phần Chế biến Gỗ Đức Thành ,HOSE,Hàng gia dụng,Đồ dùng cá nhân và đồ gia dụng,646395151400,49.578,50.422,0,660569150
GEG,Công ty Cổ phần Điện Gia Lai,HOSE,Điện lực,Dịch vụ tiện ích,4799800827600,1.792,98.208,0,15933693175
GEX,Tổng Công ty Cổ phần Thiết bị điện Việt Nam,HOSE,Dụng cụ điện & Điện tử,Hàng hóa và dịch vụ công nghiệp,9751857787500,14.403,85.597,0,166254736725
GHC,Công ty Cổ phần Thủy điện Gia Lai,UPCOM,Xây dựng & Vật liệu,Xây dựng & Vật liệu,1053436575000,3.335,96.665,2.83,285048235
GIC,Công ty Cổ phần Đầu tư dịch vụ và Phát triển Xanh,HNX,Giao thông công nghiệp,Hàng hóa và dịch vụ công nghiệp,230280000000,0.931,99.069,0,625293500
GIL,Công ty Cổ phần Sản Xuất Kinh Doanh Xuất Nhập Khẩu Bình Thạnh,HOSE,Hàng hóa cá nhân,Đồ dùng cá nhân và đồ gia dụng,1619271000000,17.985,82.015,0,15756390825
GKM,Công ty cổ phần Khang Minh Group,HNX,Xây dựng & Vật liệu,Xây dựng & Vật liệu,244092827600,37.632,62.368,0,2372935125
GLT,Công ty Cổ phần Kỹ thuật điện toàn cầu,HNX,Dụng cụ điện & Điện tử,Hàng hóa và dịch vụ công nghiệp,153681494400,2.957,97.043,0,190165625
GMC,Công ty cổ phần Garmex Sài Gòn,HOSE,Hàng hóa cá nhân,Đồ dùng cá nhân và đồ gia dụng,542203962000,7.554,92.446,0,531007525
GMD,Công ty Cổ phần Gemadept ,HOSE,Giao thông công nghiệp,Hàng hóa và dịch vụ công nghiệp,9457059880450,3.714,96.286,0,117912332000
GND,Công ty cổ phần Gạch ngói Đồng Nai,UPCOM,Xây dựng & Vật liệu,Xây dựng & Vật liệu,209058960000,44.867,55.133,0,48824500
GSP,Công ty Cổ phần Vận tải Sản Phẩm khí Quốc Tế,HOSE,"Ga, nước & dịch vụ công cộng gia dụng",Dịch vụ tiện ích,396000000000,0.077,99.923,0,71831875
GTA,Công ty Cổ phần chế biến gỗ Thuận An,HOSE,Hàng gia dụng,Đồ dùng cá nhân và đồ gia dụng,118943000000,9.605,90.395,0,32313250
GTN,Công ty cổ phần GTNFOODS,HOSE,Sản xuất thực phẩm,Thực phẩm & Đồ uống,6635850000000,0.164,99.836,0,54448824225
GVR,Tập đoàn Công nghiệp Cao su Việt Nam - Công ty cổ phần,HOSE,Hóa chất,Hóa chất,89400000000000,0.012,99.988,96.77,84937072375
GVT,Công ty Cổ phần Giấy Việt Trì,UPCOM,Sản xuất giấy & Trồng rừng,Tài nguyên,600030090400,41.001,58.999,29,508272930
HAC,Công ty cổ phần Chứng khoán Hải Phòng,UPCOM,Dịch vụ tài chính,Dịch vụ tài chính,157552506000,25.282,74.718,0,84691400
HAD,Công ty Cổ phần Bia Hà Nội - Hải Dương,HNX,Đồ uống,Thực phẩm & Đồ uống,70400000000,4.986,95.014,0,211767405
HAG,Công ty Cổ phần Hoàng Anh Gia Lai,HOSE,Dịch vụ Đầu tư Bất Động Sản,Bất động sản,4460790551230,37.313,62.687,0,45161675365
HAH,Công ty Cổ phần Vận tải và xếp dỡ Hải An ,HOSE,Giao thông công nghiệp,Hàng hóa và dịch vụ công nghiệp,810416845800,6.467,93.533,0,16901821100
HAI,Công ty Cổ phần Nông dược H.A.I,HOSE,Hóa chất,Hóa chất,493243557300,0.117,99.883,0,5184568180
HAN,Tổng Công ty Xây dựng Hà Nội,UPCOM,Hàng gia dụng,Đồ dùng cá nhân và đồ gia dụng,2411920800000,0.176,99.824,0,2049132975
HAP,Công ty Cổ phần Tập đoàn HAPACO,HOSE,Sản xuất giấy & Trồng rừng,Tài nguyên,327279790900,22.333,77.667,0,4297046610
HAR,Công ty Cổ phần Đầu tư Thương mại Bất động sản An Dương Thảo Điền,HOSE,Dịch vụ Đầu tư Bất Động Sản,Bất động sản,454499427500,17.845,82.155,0,4689772200
HAT,Công ty Cổ phần Thương mại Bia Hà Nội ,HNX,Đồ uống,Thực phẩm & Đồ uống,76513500000,0.087,99.913,0,141445730
HAX,Công ty Cổ phần Dịch vụ Ô tô Hàng Xanh,HOSE,Bán lẻ,Dịch vụ bán lẻ,666304347800,48.845,51.155,0,11459321900
HBC,Công ty Cổ phần Tập đoàn Xây dựng Hòa Bình,HOSE,Xây dựng & Vật liệu,Xây dựng & Vật liệu,3313061961300,25.266,74.734,0,134037534150
HBS,Công ty Cổ phần Chứng khoán Hòa Bình,HNX,Dịch vụ tài chính,Dịch vụ tài chính,102299938000,0.011,99.989,8.45,137113880
HC3,Công ty Cổ phần Xây dựng số 3 Hải Phòng,UPCOM,Xây dựng & Vật liệu,Xây dựng & Vật liệu,489990036952,68.83,31.17,0,94276500
HCC,Công ty Cổ phần Bê tông Hòa Cẩm - Intimex,HNX,Xây dựng & Vật liệu,Xây dựng & Vật liệu,65185470000,2.137,97.863,0,321613265
HCD,Công ty cổ phần Đầu tư Sản xuất và Thương mại HCD,HOSE,Xây dựng & Vật liệu,Xây dựng & Vật liệu,67230000000,19.682,80.318,0,513975080
HCM,Công ty Cổ phần Chứng khoán Thành phố Hồ Chí Minh,HOSE,Dịch vụ tài chính,Dịch vụ tài chính,8769953043750,1.229,98.771,28.61,113490812625
HD2,Công ty cổ phần Đầu tư Phát triển nhà HUD2,UPCOM,Dịch vụ Đầu tư Bất Động Sản,Bất động sản,51659002692,0.173,99.827,0,377466070
HDA,Công ty Cổ phần Hãng sơn Đông Á,HNX,Xây dựng & Vật liệu,Xây dựng & Vật liệu,96600000000,33.67,66.33,0,443459790
HDB,Ngân hàng Thương mại cổ phần Phát triển thành phố Hồ Chí Minh,HOSE,Ngân hàng,Ngân hàng,35620699065600,14.411,85.589,3.07,118745281275
HDC,Công ty Cổ phần Phát triển nhà Bà Rịa-Vũng Tàu,HOSE,Dịch vụ Đầu tư Bất Động Sản,Bất động sản,2121175257600,20.344,79.656,0,23460556950
HDG,Công ty Cổ phần Tập đoàn Hà Đô,HOSE,Dịch vụ Đầu tư Bất Động Sản,Bất động sản,5160499352100,48.921,51.079,0,65698912975
HHG,Công ty Cổ phần Hoàng Hà ,HNX,Giao thông công nghiệp,Hàng hóa và dịch vụ công nghiệp,41875624800,16.994,83.006,0,103561485
HHP,Công ty cổ phần Giấy Hoàng Hà Hải Phòng,HNX,Sản xuất giấy & Trồng rừng,Tài nguyên,228600000000,24.729,75.271,0,3635247370
HHS,Công ty Cổ phần Đầu tư - Dịch vụ Hoàng Huy ,HOSE,Ôtô & phụ tùng ôtô,Ôtô & linh kiện phụ tùng ,1351740789960,5.392,94.608,0,14210885605
HID,Công ty Cổ phần Halcom Việt Nam,HOSE,Xây dựng & Vật liệu,Xây dựng & Vật liệu,149836447050,38.644,61.356,0,258912595
HIG,Công ty Cổ phần Tập đoàn HIPT ,UPCOM,Dụng cụ & công nghệ phần cứng,Công nghệ,215470504150,26.576,73.424,0,150251625
HII,Công ty Cổ phần An Tiến Industries,HOSE,Khai thác mỏ,Tài nguyên,493223500000,0.284,99.716,0,3657339675
HLB,Công ty Cổ phần Bia và Nước giải khát Hạ Long,UPCOM,Đồ uống,Thực phẩm & Đồ uống,386973000000,38.009,61.991,0,101152500
HLD,Công ty Cổ phần Đầu tư và Phát triển Bất động sản HUDLAND,HNX,Xây dựng & Vật liệu,Xây dựng & Vật liệu,554000000000,1.262,98.738,0,7514305885
HMC,Công ty Cổ phần Kim khí Thành phố Hồ Chí Minh - VNSTEEL,HOSE,Kim loại công nghiệp,Tài nguyên,312900000000,0.747,99.253,0,226176750
HMH,Công ty Cổ phần Hải Minh ,HNX,Giao thông công nghiệp,Hàng hóa và dịch vụ công nghiệp,127191705300,26.038,73.962,0,82944680
HND,Công ty Cổ phần Nhiệt điện Hải Phòng,UPCOM,Điện lực,Dịch vụ tiện ích,9268000000000,0.021,99.979,60,1702695355
HNG,Công ty Cổ phần Nông nghiệp Quốc tế Hoàng Anh Gia Lai,HOSE,Sản xuất thực phẩm,Thực phẩm & Đồ uống,15963176088000,0.092,99.908,0,59875158075
HNI,Công ty Cổ phần May Hữu Nghị,UPCOM,Hàng hóa cá nhân,Đồ dùng cá nhân và đồ gia dụng,422115394500,39.568,60.432,0,35487500
HOM,Công ty Cổ phần Xi măng Vicem Hoàng Mai,HNX,Xây dựng & Vật liệu,Xây dựng & Vật liệu,230392739200,0.017,99.983,73.57,71138955
HPD,Công ty Cổ phần thủy điện Đăk Đoa,UPCOM,Điện lực,Dịch vụ tiện ích,148098193110,10.139,89.861,0,108939500
HPG,Công ty cổ phần Tập đoàn Hòa Phát ,HOSE,Kim loại công nghiệp,Tài nguyên,130046344365750,44.771,55.229,0,864691606725
HPI,Công ty cổ phần khu công nghiệp Hiệp Phước,UPCOM,Dịch vụ Đầu tư Bất Động Sản,Bất động sản,1434540000000,4.017,95.983,0,200665520
HPP,Công ty Cổ phần Sơn Hải Phòng ,UPCOM,Hóa chất,Hóa chất,282595478000,29.264,70.736,0,91454020
HPT,Công ty Cổ phần Dịch vụ Công nghệ Tin học HPT ,UPCOM,Dụng cụ & công nghệ phần cứng,Công nghệ,79546061000,49.422,50.578,0,46344200
HPX,Công ty cổ phần Đầu tư Hải Phát,HOSE,Dịch vụ Đầu tư Bất Động Sản,Bất động sản,7326499921400,45.248,54.752,0,12735437125
HQC,Công ty Cổ phần Tư vấn - Thương mại - Dịch vụ Địa ốc Hoàng Quân,HOSE,Dịch vụ Đầu tư Bất Động Sản,Bất động sản,795920787580,14.463,85.537,0,10709474145
HRC,Công ty Cổ phần Cao su Hòa Bình,HOSE,Hóa chất,Hóa chất,1274719448400,2.138,97.862,55.06,31061650
HSG,Công ty Cổ phần Tập đoàn Hoa Sen ,HOSE,Kim loại công nghiệp,Tài nguyên,9419119995600,15.355,84.645,0,241702252100
HSL,CÔNG TY CỔ PHẦN ĐẦU TƯ PHÁT TRIỂN THỰC PHẨM HỒNG HÀ,HOSE,Sản xuất thực phẩm,Thực phẩm & Đồ uống,115021928400,18.498,81.502,0,965173025
HT1,Công ty Cổ phần xi măng Hà Tiên 1,HOSE,Xây dựng & Vật liệu,Xây dựng & Vật liệu,6448058295900,3.024,96.976,79.69,21342556575
HTE,Công ty Cổ phần Đầu tư Kinh doanh điện lực Thành phố Hồ Chí Minh,UPCOM,Xây dựng & Vật liệu,Xây dựng & Vật liệu,148697469880,1.317,98.683,8.58,65456835
HTG,Tổng Công ty Cổ phần Dệt May Hòa Thọ,UPCOM,Hàng hóa cá nhân,Đồ dùng cá nhân và đồ gia dụng,416250000000,7.447,92.553,0,44881525
HTI,Công ty Cổ phần Đầu tư Phát triển Hạ tầng IDICO,HOSE,Xây dựng & Vật liệu,Xây dựng & Vật liệu,365505780000,0.448,99.552,0,1023894450
HTL,Công ty Cổ phần Kỹ thuật và Ô tô Trường Long,HOSE,Công nghiệp cơ khí ,Hàng hóa và dịch vụ công nghiệp,198000000000,44.168,55.832,0,51194000
HTM,Tổng Công ty Thương Mại Hà Nội - Công ty cổ phần,UPCOM,Bán lẻ,Dịch vụ bán lẻ,2416905096800,0,100,0,130138425
HTN,Công ty cổ phần Hưng Thịnh Incons,HOSE,Xây dựng & Vật liệu,Xây dựng & Vật liệu,1436553502450,17.753,82.247,0,6979507625
HTV,Công ty cổ phần Logistics Vicem,HOSE,Giao thông công nghiệp,Hàng hóa và dịch vụ công nghiệp,166420800000,0.02,99.98,50.08,38668075
HU1,Công ty Cổ phần Đầu tư và Xây dựng HUD1,HOSE,Xây dựng & Vật liệu,Xây dựng & Vật liệu,78500000000,1.632,98.368,51,37707000
HU4,Công ty Cổ phần Đầu tư và Xây dựng HUD4,UPCOM,Xây dựng & Vật liệu,Xây dựng & Vật liệu,121170000000,4.361,95.639,51,44590500
HUB,Công ty Cổ phần Xây lắp Thừa Thiên Huế,HOSE,Xây dựng & Vật liệu,Xây dựng & Vật liệu,379240588400,14.492,85.508,0,502521875
HUT,Công ty Cổ phần TASCO ,HNX,Xây dựng & Vật liệu,Xây dựng & Vật liệu,752169502000,15.354,84.646,0,8383572115
HVG,Công ty Cổ phần Hùng Vương ,UPCOM,Sản xuất thực phẩm,Thực phẩm & Đồ uống,1112487625900,53.326,46.674,0,1905351695
HVH,Công ty cổ phần Đầu tư và Công nghệ HVC,HOSE,Hàng hóa giải trí,Đồ dùng cá nhân và đồ gia dụng,199744954500,53.447,46.553,0,2900027750
HVN,Tổng Công ty Hàng không Việt Nam - CTCP,HOSE,Du lịch & Giải trí,Du lịch & Giải trí,39286656461900,0.009,99.991,86.19,24890886775
HVT,Công ty Cổ phần Hóa chất Việt Trì,HNX,Hóa chất,Hóa chất,340629829000,4.617,95.383,68.5,151240285
IBC,Công ty cổ phần Đầu tư APAX HOLDINGS,HOSE,Dịch vụ tài chính,Dịch vụ tài chính,1815371603750,12.936,87.064,0,3808635100
ICN,Công ty Cổ phần Đầu Tư Xây Dựng Dầu Khí IDICO ,UPCOM,Xây dựng & Vật liệu,Xây dựng & Vật liệu,520440000000,3.348,96.652,0,141903575
ICT,Công ty cổ phần Viễn thông - Tin học Bưu điện,HOSE,Dụng cụ & công nghệ phần cứng,Công nghệ,762784500000,17.16,82.84,31.43,2820643325
IDC,Tổng Công ty IDICO - CTCP,HNX,Dịch vụ Đầu tư Bất Động Sản,Bất động sản,9930000000000,0.012,99.988,0,49483708945
IDI,Công ty Cổ phần Đầu tư và Phát triển Đa Quốc Gia IDI,HOSE,Sản xuất thực phẩm,Thực phẩm & Đồ uống,1470584167680,6.215,93.785,0,19149295630
IDJ,Công ty cổ phần Đầu tư IDJ Việt Nam,HNX,Dịch vụ Đầu tư Bất Động Sản,Bất động sản,505300000000,4.143,95.857,0,2572707770
IDV,Công ty Cổ phần Phát triển hạ tầng Vĩnh Phúc,HNX,Dịch vụ Đầu tư Bất Động Sản,Bất động sản,960728881500,43.4,56.6,0,1191294640
IJC,Công ty Cổ phần Phát triển Hạ tầng Kỹ thuật,HOSE,Xây dựng & Vật liệu,Xây dựng & Vật liệu,2083879309600,0.001,99.999,0,18319878250
ILA,Công ty Cổ phần ILA,UPCOM,Sản xuất thực phẩm,Thực phẩm & Đồ uống,49299979700,19.011,80.989,0,73610120
ILB,Công ty Cổ phần ICD Tân Cảng - Long Bình,HOSE,Dịch vụ Đầu tư Bất Động Sản,Bất động sản,637058370000,1.664,98.336,51.32,4691453075
IME,Công ty Cổ phần Cơ khí và Xây lắp Công nghiệp ,UPCOM,Xây dựng & Vật liệu,Xây dựng & Vật liệu,40679412400,14.511,85.489,0,58615000
IMP,Công ty Cổ phần dược phẩm Imexpharm,HOSE,Dược phẩm & công nghệ sinh học,Y tế,3786945176000,2.654,97.346,0,5187501850
INN,Công ty Cổ phần Bao bì và In nông nghiệp ,HNX,Truyền thông,Phương tiện truyền thông,581400000000,33.589,66.411,0,336184895
IPA,Công ty Cổ phần Tập đoàn đầu tư I.P.A,UPCOM,Dịch vụ tài chính,Dịch vụ tài chính,1396715968000,1.008,98.992,0,56678975
ISH,Công ty Cổ phần thủy điện SROK Phu Miêng IDICO,UPCOM,Điện lực,Dịch vụ tiện ích,760500000000,0.68,99.32,0,32206000
ITA,Công ty Cổ phần Đầu tư và Công nghiệp Tân Tạo ,HOSE,Dịch vụ Đầu tư Bất Động Sản,Bất động sản,5085702936500,8.037,91.963,0,80402528175
ITC,Công ty Cổ phần Đầu tư - Kinh doanh nhà,HOSE,Dịch vụ Đầu tư Bất Động Sản,Bất động sản,1205146196800,2.163,97.837,16.16,204636200
ITD,Công ty Cổ phần Công nghệ Tiên Phong,HOSE,Phần mềm & Dịch vụ máy tính,Công nghệ,176251420800,16.345,83.655,0,1378429975
ITQ,Công ty Cổ phần Tập đoàn Thiên Quang,HNX,Kim loại công nghiệp,Tài nguyên,53096892000,16.689,83.311,0,106481950
IVS,Công ty Cổ phần Chứng khoán Đầu tư Việt Nam,HNX,Dịch vụ tài chính,Dịch vụ tài chính,409165000000,0.626,99.374,0,57481500
JVC,Công ty Cổ phần Thiết bị Y tế Việt Nhật,HOSE,Dụng cụ & dịch vụ y tế,Y tế,527625801990,10.178,89.822,0,2982084065
KBC,Tổng Công ty Phát triển Đô thị Kinh Bắc - CTCP,HOSE,Dịch vụ Đầu tư Bất Động Sản,Bất động sản,7539651033450,20.988,79.012,0,43118016875
KDC,Công ty Cổ phần tập đoàn Kido ,HOSE,Sản xuất thực phẩm,Thực phẩm & Đồ uống,7938520042600,14.336,85.664,0,24487764450
KDH,Công ty Cổ phần Đầu tư và Kinh doanh Nhà Khang Điền,HOSE,Dịch vụ Đầu tư Bất Động Sản,Bất động sản,15814226185700,2.107,97.893,0,56542320050
KHA,Công ty Cổ phần Đầu tư và Dịch vụ Khánh Hội,UPCOM,Dịch vụ Đầu tư Bất Động Sản,Bất động sản,323396991872,0.218,99.782,0,44186980
KHB,Công ty Cổ phần Khoáng sản Hòa Bình,UPCOM,Khai thác mỏ,Tài nguyên,20352849300,0.337,99.663,0,78329100
KHP,Công ty Cổ phần Điện lực Khánh Hòa ,HOSE,Điện lực,Dịch vụ tiện ích,377918647840,0.656,99.344,51.53,1607993925
KLB,Ngân hàng Thương mại Cổ phần Kiên Long,UPCOM,Ngân hàng,Ngân hàng,4491336975840,9.478,90.522,0,777411930
KLF,Công ty cổ phần Đầu tư Thương mại và Xuất nhập khẩu CFS,HNX,Du lịch & Giải trí,Du lịch & Giải trí,297634609800,0,100,0,2406121425
KMR,Công ty Cổ phần Mirae ,HOSE,Hàng hóa cá nhân,Đồ dùng cá nhân và đồ gia dụng,152432522760,25.456,74.544,0,500828820
KOS,Công ty cổ phần Kosy,HOSE,Dịch vụ Đầu tư Bất Động Sản,Bất động sản,3133250000000,59.966,40.034,0,7775777850
KPF,Công ty cổ phần Đầu tư tài chính Hoàng Minh,HOSE,Xây dựng & Vật liệu,Xây dựng & Vật liệu,297295284000,39.738,60.262,0,76277050
KSB,Công ty Cổ phần Khoáng sản và Xây dựng Bình Dương,HOSE,Khai thác mỏ,Tài nguyên,2028977225100,2.959,97.041,0,44528221375
KSH,Công ty Cổ phần Damac GLS,UPCOM,Khai thác mỏ,Tài nguyên,48883223750,7.025,92.975,0,233627490
KSQ,Công ty cổ phần CNC Capital Việt Nam,HNX,Khai thác mỏ,Tài nguyên,48000000000,0,100,0,43413125
KTL,Công ty Cổ phần kim khí Thăng Long ,UPCOM,Hàng gia dụng,Đồ dùng cá nhân và đồ gia dụng,480000000000,0.55,99.45,66.04,44555500
KVC,Công ty Cổ phần sản xuất xuất nhập khẩu INOX Kim vĩ,HNX,Kim loại công nghiệp,Tài nguyên,54450000000,5.724,94.276,0,198366070
L14,Công ty Cổ phần Licogi 14,HNX,Xây dựng & Vật liệu,Xây dựng & Vật liệu,1261240473900,15.392,84.608,0,2693568100
LAF,Công ty Cổ phần Chế biến hàng xuất khẩu Long An,HOSE,Sản xuất thực phẩm,Thực phẩm & Đồ uống,149489392850,0.103,99.897,0,30330035
LAS,Công ty Cổ phần Supe Phốt phát và Hóa chất Lâm Thao,HNX,Hóa chất,Hóa chất,835137360000,0.097,99.903,69.82,3624476655
LBM,Công ty Cổ phần Khoáng sản và Vật liệu Xây dựng Lâm Đồng,HOSE,Xây dựng & Vật liệu,Xây dựng & Vật liệu,330000000000,7.374,92.626,0,170401525
LCG,Công ty Cổ phần LICOGI 16,HOSE,Xây dựng & Vật liệu,Xây dựng & Vật liệu,1475176601600,20.406,79.594,0,40118182025
LDG,Công ty Cổ phần Đầu tư LDG ,HOSE,Dịch vụ Đầu tư Bất Động Sản,Bất động sản,1659571084120,12.261,87.739,0,35941739660
LGL,Công ty Cổ phần Đầu tư và Phát triển Đô thị Long Giang,HOSE,Dịch vụ Đầu tư Bất Động Sản,Bất động sản,255940587000,27.746,72.254,0,408995240
LHC,Công ty Cổ phần Đầu tư và Xây dựng Thủy lợi Lâm Đồng,HNX,Xây dựng & Vật liệu,Xây dựng & Vật liệu,318960000000,18.015,81.985,0,708148670
LHG,Công ty Cổ phần Long Hậu ,HOSE,Dịch vụ Đầu tư Bất Động Sản,Bất động sản,1660398732000,1.316,98.684,48.67,14278174200
LIG,Công ty Cổ phần Licogi 13,HNX,Xây dựng & Vật liệu,Xây dựng & Vật liệu,358591094400,12.56,87.44,4.19,2473448835
LIX,Công ty Cổ phần Bột giặt Lix,HOSE,Hàng gia dụng,Đồ dùng cá nhân và đồ gia dụng,1743120000000,0.403,99.597,51,3617015850
LLM,Tổng công ty lắp máy Việt Nam - Công ty Cổ phần,UPCOM,Xây dựng & Vật liệu,Xây dựng & Vật liệu,1644988703832,0.603,99.397,0,328033975
LM7,Công ty Cổ phần Lilama 7 ,HNX,Xây dựng & Vật liệu,Xây dựng & Vật liệu,18500000000,3.448,96.552,51,43802035
LM8,Công ty Cổ phần Lilama 18,HOSE,Công nghiệp cơ khí ,Hàng hóa và dịch vụ công nghiệp,103275502000,4.731,95.269,36,33423005
LMC,Công ty cổ phần Khoáng sản Latca,UPCOM,Khai thác mỏ,Tài nguyên,15817500000,17.534,82.466,0,633707500
LMH,Công ty cổ phần Landmark Holding,UPCOM,Bán lẻ,Dịch vụ bán lẻ,33318993500,5.733,94.267,0,139923295
LPB,Ngân hàng Thương mại Cổ phần Bưu điện Liên Việt,HOSE,Ngân hàng,Ngân hàng,12734471142750,5.271,94.729,0,96063935275
LSS,Công ty Cổ phần Mía đường Lam Sơn,HOSE,Sản xuất thực phẩm,Thực phẩm & Đồ uống,535959600000,14.857,85.143,0,3508572475
LTG,Công ty Cổ phần Tập đoàn Lộc Trời,UPCOM,Hóa chất,Hóa chất,1971313096400,3.211,96.789,24.15,18345240030
LUT,Công ty Cổ phần Đầu tư xây dựng Lương Tài,HNX,Xây dựng & Vật liệu,Xây dựng & Vật liệu,58344000000,67.175,32.825,2.2,140423950
M10,Tổng công ty May 10 - Công ty Cổ phần,UPCOM,Hàng hóa cá nhân,Đồ dùng cá nhân và đồ gia dụng,503733855448,15.366,84.634,0,73235120
MAS,Công ty Cổ phần Dịch vụ hàng không sân bay Đà Nẵng ,HNX,Giao thông công nghiệp,Hàng hóa và dịch vụ công nghiệp,157477502700,0.734,99.266,0,66058120
MBB,Ngân hàng Thương mại Cổ phần Quân đội ,HOSE,Ngân hàng,Ngân hàng,60593125431200,0.738,99.262,0,272660940525
MBG,Công ty cổ phần Tập đoàn MBG,HNX,Xây dựng & Vật liệu,Xây dựng & Vật liệu,347285520000,1.716,98.284,0,4595526655
MBS,Công ty Cổ phần chứng khoán MB,HNX,Dịch vụ tài chính,Dịch vụ tài chính,2333375140600,0.023,99.977,0,3439995680
MCH,Công ty cổ phần Hàng Tiêu Dùng Masan,UPCOM,Sản xuất thực phẩm,Thực phẩm & Đồ uống,66189293106294,0.213,99.787,0,8054269245
MEC,Công ty Cổ phần cơ khí - lắp máy Sông Đà,UPCOM,Xây dựng & Vật liệu,Xây dựng & Vật liệu,20048688000,2.244,97.756,0,32182300
MFS,Công ty cổ phần Dịch vụ kỹ thuật Mobifone,UPCOM,Viễn thông di động,Viễn thông,187281951164,6.247,93.753,0,1336755550
MH3,Công ty cổ phần Khu công nghiệp Cao su Bình Long,UPCOM,Dịch vụ Đầu tư Bất Động Sản,Bất động sản,811284000000,0.234,99.766,39.87,880462650
MHC,Công ty Cổ phần MHC,HOSE,Giao thông công nghiệp,Hàng hóa và dịch vụ công nghiệp,234362737040,0,100,0,634978375
MHP,CÔNG TY CỔ PHẦN MÔI TRƯỜNG VÀ DỊCH VỤ ĐÔ THỊ VIỆT TRÌ,UPCOM,Dịch vụ hỗ trợ,Hàng hóa và dịch vụ công nghiệp,43671310320,0.322,99.678,0,33342000
MIG,Tổng Công ty Cổ phần Bảo Hiểm Quân Đội,UPCOM,Bảo hiểm phi nhân thọ,Bảo hiểm,1738100000000,0.74,99.26,0,1997007940
MLS,Công ty Cổ phần Chăn nuôi - Mitraco,UPCOM,Sản xuất thực phẩm,Thực phẩm & Đồ uống,177588000000,0.018,99.982,0,1509024225
MML,Công ty Cổ phần Masan MEATLife,UPCOM,Sản xuất thực phẩm,Thực phẩm & Đồ uống,15486283747800,0.808,99.192,0,1706162565
MPC,Công ty cổ phần Tập đoàn Thủy sản Minh Phú,UPCOM,Sản xuất thực phẩm,Thực phẩm & Đồ uống,5931163192500,39.686,60.314,0,3653475485
MPT,Công ty Cổ phần Tập đoàn Trường Tiền,HNX,Hàng hóa cá nhân,Đồ dùng cá nhân và đồ gia dụng,27371462400,0.003,99.997,0,266872460
MQN,Công ty cổ phần Môi trường Đô thị Quảng Ngãi,UPCOM,Dịch vụ hỗ trợ,Hàng hóa và dịch vụ công nghiệp,110279820355,22.429,77.571,0,347293305
MSH,Công ty cổ phần May Sông Hồng,HOSE,Hàng hóa cá nhân,Đồ dùng cá nhân và đồ gia dụng,2075390100000,43.823,56.177,0,5285177400
MSN,Công ty Cổ phần Tập đoàn Ma San,HOSE,Sản xuất thực phẩm,Thực phẩm & Đồ uống,99260734287000,4.476,95.524,0,77143209950
MSR,CÔNG TY CỔ PHẦN MASAN HIGH-TECH MATERIALS,UPCOM,Khai thác mỏ,Tài nguyên,19094527956240,0.474,99.526,0,7496643720
MST,Công ty cổ phần đầu tư MST,HNX,Xây dựng & Vật liệu,Xây dựng & Vật liệu,177599930000,21.76,78.24,0,3266132995
MTA,Tổng Công ty Khoáng sản và Thương mại Hà Tĩnh - CTCP,UPCOM,Khai thác mỏ,Tài nguyên,749212873164,0.209,99.791,97.37,301177500
MVB,Tổng công ty Công nghiệp mỏ Việt Bắc TKV_CTCP,HNX,Khai thác mỏ,Tài nguyên,1344000000000,0.121,99.879,98.19,55852740
MWG,Công ty Cổ phần đầu tư thế giới di động,HOSE,Bán lẻ,Dịch vụ bán lẻ,52366501935800,8.758,91.242,0,124525924500
NAB,Ngân hàng Thương mại Cổ phần Nam Á,UPCOM,Ngân hàng,Ngân hàng,6744002105325,21.081,78.919,0,2199713200
NAF,Công ty Cổ phần Nafoods Group ,HOSE,Đồ uống,Thực phẩm & Đồ uống,989410032000,54.2,45.8,0,2721709100
NAG,Công ty Cổ phần Tập đoàn Nagakawa,HNX,Hàng hóa giải trí,Đồ dùng cá nhân và đồ gia dụng,74676579800,38.899,61.101,0,105028635
NAS,Công ty Cổ phần Dịch vụ Hàng không Sân bay Nội Bài,UPCOM,Giao thông công nghiệp,Hàng hóa và dịch vụ công nghiệp,232833496000,0.287,99.713,0,54371825
NBB,Công ty Cổ phần đầu tư Năm Bảy Bảy ,HOSE,Dịch vụ Đầu tư Bất Động Sản,Bất động sản,1729323143600,1.11,98.89,0,186320700
NBC,Công ty Cổ phần Than Núi Béo - Vinacomin ,HNX,Khai thác mỏ,Tài nguyên,218294831600,0.139,99.861,65,549241710
NCP,Công ty Cổ phần nhiệt điện Cẩm Phả - TKV,UPCOM,Điện lực,Dịch vụ tiện ích,1871315909000,0,100,0,80142500
NCS,Công ty cổ phần Suất ăn hàng không Nội Bài,UPCOM,Du lịch & Giải trí,Du lịch & Giải trí,326657422000,0,100,0,89452975
NCT,Công ty Cổ phần dịch vụ hàng hóa Nội Bài ,HOSE,Giao thông công nghiệp,Hàng hóa và dịch vụ công nghiệp,1860383545200,0.108,99.892,65.07,1975857700
NDN,Công ty Đầu tư Phát triển Nhà Đà Nẵng ,HNX,Dịch vụ Đầu tư Bất Động Sản,Bất động sản,1252462255500,8.652,91.348,0,10010961600
NET,Công ty Cổ phần Bột giặt Net,HNX,Hàng gia dụng,Đồ dùng cá nhân và đồ gia dụng,1312544716400,0.563,99.437,36,40053000
NHA,Tổng Công ty Đầu tư Phát triển Nhà và Đô thị Nam Hà Nội,HNX,Xây dựng & Vật liệu,Xây dựng & Vật liệu,444267356000,45.426,54.574,0,2000446620
NHC,Công ty Cổ phần gạch ngói Nhị Hiệp ,HNX,Xây dựng & Vật liệu,Xây dựng & Vật liệu,92767031000,9.598,90.402,30.04,59961940
NHH,Công ty Cổ phần Nhựa Hà Nội,HOSE,Hóa chất,Hóa chất,1772806000000,0.142,99.858,0,8956015200
NHP,Công ty Cổ phần sản xuất xuất nhập khẩu NHP,HNX,Công nghiệp tổng hợp,Hàng hóa và dịch vụ công nghiệp,13788245000,0,100,0,47898425
NHT,Công ty Cổ phần Sản xuất và Thương mại Nam Hoa,UPCOM,Hàng hóa giải trí,Đồ dùng cá nhân và đồ gia dụng,560674056660,58.629,41.371,0,408982650
NKG,Công ty Cổ phần Thép Nam Kim,HOSE,Kim loại công nghiệp,Tài nguyên,2502598079400,24.997,75.003,0,81758065025
NLG,Công ty Cổ phần Đầu tư Nam Long,HOSE,Dịch vụ Đầu tư Bất Động Sản,Bất động sản,8024139739000,24.553,75.447,0,29302827700
NNC,Công ty Cổ phần Đá Núi Nhỏ,HOSE,Xây dựng & Vật liệu,Xây dựng & Vật liệu,876800000000,4.241,95.759,0,4122893975
NNG,Công ty Cổ phần công nghiệp- dịch vụ- thương mại Ngọc Nghĩa,UPCOM,Công nghiệp tổng hợp,Hàng hóa và dịch vụ công nghiệp,770030126720,43.356,56.644,0,152742900
NRC,Công ty Cổ phần Bất động sản NETLAND,HNX,Dịch vụ Đầu tư Bất Động Sản,Bất động sản,398373426000,48.819,51.181,0,1770989040
NS3,Công ty Cổ phần sản xuất kinh doanh nước sạch số 3 Hà Nội,UPCOM,"Ga, nước & dịch vụ công cộng gia dụng",Dịch vụ tiện ích,145989341567,0.324,99.676,0,46399000
NSC,Công ty Cổ phần Giống cây trồng Trung Ương ,HOSE,Sản xuất thực phẩm,Thực phẩm & Đồ uống,1407718731600,1.067,98.933,0,1401699200
NSH,Công ty Cổ phần Nhôm Sông Hồng,HNX,Kim loại công nghiệp,Tài nguyên,93120466500,36.056,63.944,0,779144990
NST,Công ty Cổ phần Ngân Sơn ,HNX,Thuốc lá,Đồ dùng cá nhân và đồ gia dụng,79534221300,0.144,99.856,57.7,323790850
NT2,Công ty Cổ phần Điện lực Dầu khí Nhơn Trạch 2 ,HOSE,Điện lực,Dịch vụ tiện ích,6793874284400,0.06,99.94,62.31,9672139225
NTC,Công ty cổ phần Khu Công nghiệp Nam Tân Uyên,UPCOM,Dịch vụ Đầu tư Bất Động Sản,Bất động sản,5798251168120,0.178,99.822,0,14738483890
NTH,Công ty cổ phần Thủy điện Nước trong,HNX,Điện lực,Dịch vụ tiện ích,317580358200,49.135,50.865,0,141665000
NTL,Công ty Cổ phần Phát triển đô thị Từ Liêm,HOSE,Dịch vụ Đầu tư Bất Động Sản,Bất động sản,1375323372500,45.721,54.279,0,17388096875
NTP,Công ty Cổ phần Nhựa Thiếu niên Tiền Phong ,HNX,Xây dựng & Vật liệu,Xây dựng & Vật liệu,4346679152700,20.941,79.059,37.1,3195637960
NTW,Công ty Cổ phần Cấp nước Nhơn Trạch,UPCOM,"Ga, nước & dịch vụ công cộng gia dụng",Dịch vụ tiện ích,190000000000,2.623,97.377,0,30492500
NVB,Ngân hàng Thương mại Cổ phần Quốc Dân ,HNX,Ngân hàng,Ngân hàng,3376469772100,14.319,85.681,0,25577951675
NVL,Công ty cổ phần Tập đoàn Đầu tư Địa ốc No Va,HOSE,Dịch vụ Đầu tư Bất Động Sản,Bất động sản,63516773126800,36.132,63.868,0,101240226000
NVT,Công ty Cổ phần Bất động sản Du lịch Ninh Vân Bay,HOSE,Dịch vụ Đầu tư Bất Động Sản,Bất động sản,507705000000,0.581,99.419,0,40599955
OGC,Công ty Cổ phần Tập đoàn Đại Dương ,HOSE,Dịch vụ Đầu tư Bất Động Sản,Bất động sản,2219999992600,10.663,89.337,12.02,4956312250
OIL,Tổng Công ty Dầu Việt Nam – Công ty cổ phần,UPCOM,Sản xuất dầu khí,Dầu khí,9394940778000,0,100,80.52,7667034100
ONE,Công ty Cổ phần Truyền thông số 1,HNX,Dụng cụ & công nghệ phần cứng,Công nghệ,33347202000,24.287,75.713,0,50352845
OPC,Công ty Cổ phần Dược phẩm OPC ,HOSE,Dược phẩm & công nghệ sinh học,Y tế,1528193600000,44.914,55.086,0,159958250
ORS,Công ty Cổ phần Chứng khoán Tiên Phong,UPCOM,Dịch vụ tài chính,Dịch vụ tài chính,1201000000000,0,100,0,1619008970
PAC,Công ty Cổ phần Pin Ắc quy miền Nam,HOSE,Dụng cụ điện & Điện tử,Hàng hóa và dịch vụ công nghiệp,1257059674350,0.041,99.959,51.43,764494575
PAN,Công ty Cổ phần Tập đoàn PAN,HOSE,Sản xuất thực phẩm,Thực phẩm & Đồ uống,4795603312500,4.229,95.771,0,13608890025
PAS,CÔNG TY CỔ PHẦN QUỐC TẾ PHƯƠNG ANH,UPCOM,Kim loại công nghiệp,Tài nguyên,382729500000,10.17,89.83,0,8001454175
PC1,Công ty cổ phần Xây lắp điện I,HOSE,Xây dựng & Vật liệu,Xây dựng & Vật liệu,4139214289550,27.188,72.812,0,9100688350
PCC,Công ty cổ phần Tập đoàn Xây lắp 1 - Petrolimex,UPCOM,Xây dựng & Vật liệu,Xây dựng & Vật liệu,184897000000,16.969,83.031,0,52059280
PCM,Công ty Cổ phần Vật liệu xây dựng Bưu Điện,UPCOM,Xây dựng & Vật liệu,Xây dựng & Vật liệu,40289760000,2.979,97.021,49,38091515
PDN,Công ty Cổ phần Cảng Đồng Nai ,HOSE,Giao thông công nghiệp,Hàng hóa và dịch vụ công nghiệp,1463234366000,1.165,98.835,0,228930400
PDR,Công ty Cổ phần Phát triển Bất động sản Phát Đạt ,HOSE,Dịch vụ Đầu tư Bất Động Sản,Bất động sản,17768219880450,63.318,36.682,0,110992471575
PET,Tổng Công ty Cổ phần Dịch vụ Tổng hợp Dầu khí ,HOSE,Bán lẻ,Dịch vụ bán lẻ,1324592805400,7.18,92.82,24.22,37039595900
PFL,Công ty Cổ phần Dầu khí Đông Đô,UPCOM,Dịch vụ Đầu tư Bất Động Sản,Bất động sản,95200000000,0,100,0,631048400
PGC,Tổng Công ty Gas Petrolimex - CTCP,HOSE,"Ga, nước & dịch vụ công cộng gia dụng",Dịch vụ tiện ích,1357633912500,11.076,88.924,52.37,788780325
PGD,Công ty Cổ phần Phân phối khí Thấp áp Dầu khí Việt Nam,HOSE,"Ga, nước & dịch vụ công cộng gia dụng",Dịch vụ tiện ích,2627943644000,0.001,99.999,0,113199900
PGI,Tổng Công ty Cổ phần Bảo hiểm Petrolimex ,HOSE,Bảo hiểm phi nhân thọ,Bảo hiểm,1845329678400,0.541,99.459,0,136726550
PGN,Công ty cổ phần Phụ Gia Nhựa,HNX,Hóa chất,Hóa chất,41250000000,42.605,57.395,0,955071510
PGS,Công ty cổ phần kinh doanh khí miền nam,HNX,"Ga, nước & dịch vụ công cộng gia dụng",Dịch vụ tiện ích,969976603600,0,100,35.26,2311402355
PGV,Tổng Công ty Phát điện 3 - Công ty cổ phần,UPCOM,Điện lực,Dịch vụ tiện ích,17222230311392,0.009,99.991,99.19,621653835
PHC,Công ty Cổ phần Xây dựng Phục Hưng Holdings,HOSE,Xây dựng & Vật liệu,Xây dựng & Vật liệu,266494491000,39.46,60.54,0,2351931670
PHP,Công ty Cổ phần Cảng Hải Phòng,HNX,Giao thông công nghiệp,Hàng hóa và dịch vụ công nghiệp,5231360000000,0.019,99.981,0,781357170
PHR,Công ty Cổ phần Cao su Phước Hòa ,HOSE,Hóa chất,Hóa chất,8455149955200,0.365,99.635,66.62,70480217100
PJT,Công ty Cổ phần Vận tải Xăng dầu Đường Thủy Petrolimex,HOSE,Giao thông công nghiệp,Hàng hóa và dịch vụ công nghiệp,159748971200,9.367,90.633,0,39441950
PLC,Tổng Công ty Hóa dầu Petrolimex - CTCP,HNX,Hóa chất,Hóa chất,2141135499000,1.05,98.95,0,14572772255
PLP,Công ty cổ phần Sản xuất và Công nghệ Nhựa Pha Lê,HOSE,Khai thác mỏ,Tài nguyên,309998814250,27.284,72.716,0,4818070790
PLX,Tập đoàn Xăng dầu Việt Nam,HOSE,Sản xuất dầu khí,Dầu khí,65716821307500,0.007,99.993,75.87,45633451875
PMC,Công ty Cổ phần Dược phẩm dược liệu Pharmedic ,HNX,Dược phẩm & công nghệ sinh học,Y tế,531956661000,0.806,99.194,43.44,55169250
PME,Công ty Cổ phần Pymepharco,HOSE,Dược phẩm & công nghệ sinh học,Y tế,5858407912500,2.549,97.451,0,1186636050
PMG,Công ty Cổ phần Đầu tư và Sản xuất Petro Miền Trung,HOSE,"Ga, nước & dịch vụ công cộng gia dụng",Dịch vụ tiện ích,604688427900,53.517,46.483,0,94138775
PNJ,Công ty Cổ phần Vàng bạc đá quý Phú Nhuận,HOSE,Bán lẻ,Dịch vụ bán lẻ,17469624417600,20.501,79.499,0,73766554000
POB,Công ty Cổ phần Xăng dầu Dầu khí Thái Bình,UPCOM,Sản xuất dầu khí,Dầu khí,189660000000,1.977,98.023,11,245394390
POM,Công ty Cổ phần Thép Pomina,HOSE,Kim loại công nghiệp,Tài nguyên,3467867147700,40.439,59.561,0,3720622000
POS,"Công ty cổ phần Dịch vụ Lắp đặt, Vận hành và Bảo dưỡng Công trình Dầu khí biển PTSC",UPCOM,"Dụng cụ, dịch vụ & Phân phối Dầu",Dầu khí,594200000000,0.305,99.695,8.99,1471284835
POW,Tổng Công ty Điện lực Dầu khí Việt Nam – Công ty cổ phần,HOSE,Điện lực,Dịch vụ tiện ích,27868272040000,0.009,99.991,79.94,117458249270
PPC,Công ty Cổ phần Nhiệt điện Phả Lại ,HOSE,Điện lực,Dịch vụ tiện ích,7822958517600,0.039,99.961,51,6524196375
PPH,Tổng Công ty Cổ phần Phong Phú,UPCOM,Hàng hóa cá nhân,Đồ dùng cá nhân và đồ gia dụng,1311743542197,7.527,92.473,0,247474035
PPI,Công ty Cổ phần Phát triển hạ tầng và Bất động sản Thái Bình Dương ,UPCOM,Dịch vụ Đầu tư Bất Động Sản,Bất động sản,24145314500,6.832,93.168,0,48119520
PSB,Công ty Cổ phần Đầu tư Dầu khí Sao Mai - Bến Đình,UPCOM,Xây dựng & Vật liệu,Xây dựng & Vật liệu,687500000000,0.009,99.991,0,176494835
PSD,Công ty Cổ phần Dịch vụ Phân phối Tổng hợp Dầu khí ,HNX,Dụng cụ & công nghệ phần cứng,Công nghệ,447050875800,1.115,98.885,0,1012769145
PSH,Công ty Cổ phần Thương mại Đầu tư Dầu khí Nam Sông Hậu,HOSE,Sản xuất dầu khí,Dầu khí,2183204294000,67.384,32.616,0,2457659475
PSL,Công ty Cổ phần Chăn nuôi Phú Sơn,UPCOM,Sản xuất thực phẩm,Thực phẩm & Đồ uống,292890937500,0.69,99.31,73.56,148690900
PSP,Công ty Cổ phần Cảng Dịch vụ Dầu khí Đình Vũ,UPCOM,Giao thông công nghiệp,Hàng hóa và dịch vụ công nghiệp,300800000000,0.028,99.972,0,77124980
PTB,Công ty cổ phần Phú Tài,HOSE,Xây dựng & Vật liệu,Xây dựng & Vật liệu,2763550860000,42.918,57.082,0,14339756050
PTI,Tổng Công ty Cổ phần bảo hiểm bưu điện,HNX,Bảo hiểm phi nhân thọ,Bảo hiểm,1849101307000,0.182,99.818,23.71,53715735
PTL,Công ty Cổ phần Đầu tư hạ tầng và Đô thị Dầu khí ,HOSE,Xây dựng & Vật liệu,Xây dựng & Vật liệu,563530956000,0,100,0,56156770
PTS,Công ty Cổ phần Vận tải và Dịch vụ Petrolimex Hải Phòng,HNX,Giao thông công nghiệp,Hàng hóa và dịch vụ công nghiệp,38419200000,1.446,98.554,0,65428450
PVB,Công ty Cổ phần Bọc Ống Dầu khí Việt Nam ,HNX,"Dụng cụ, dịch vụ & Phân phối Dầu",Dầu khí,349919967600,0,100,0,3677639290
PVC,Tổng công ty Hóa chất và Dịch vụ Dầu khí - CTCP (PVChem),HNX,"Dụng cụ, dịch vụ & Phân phối Dầu",Dầu khí,318250000000,0.418,99.582,36,2283421990
PVD,Tổng Công ty Cổ phần Khoan và Dịch vụ khoan dầu khí,HOSE,"Dụng cụ, dịch vụ & Phân phối Dầu",Dầu khí,5811591088200,0.095,99.905,50.41,121674390775
PVG,CÔNG TY CỔ PHẦN KINH DOANH LPG VIỆT NAM,HNX,"Ga, nước & dịch vụ công cộng gia dụng",Dịch vụ tiện ích,292000000000,20.068,79.932,0,235726585
PVI,Công ty Cổ phần PVI,HNX,Bảo hiểm phi nhân thọ,Bảo hiểm,6817316293500,0.053,99.947,35,1546623095
PVL,Công ty cổ phần Đầu tư Nhà đất Việt,HNX,Dịch vụ Đầu tư Bất Động Sản,Bất động sản,55000000000,12.583,87.417,0.12,51831475
PVM,Công ty cổ phần Máy - Thiết bị Dầu khí,UPCOM,Công nghiệp cơ khí ,Hàng hóa và dịch vụ công nghiệp,693833340200,0.038,99.962,0,1212307675
PVO,Công ty Cổ phần DẦU NHỜN PV OIL,UPCOM,"Dụng cụ, dịch vụ & Phân phối Dầu",Dầu khí,30260000000,0.336,99.664,0,39270530
PVP,Công ty cổ phần Vận tải Dầu khí Thái Bình Dương,UPCOM,Giao thông công nghiệp,Hàng hóa và dịch vụ công nghiệp,940487679328,0,100,0,1058387305
PVS,Tổng Công ty Cổ phần Dịch vụ Kỹ thuật Dầu khí Việt Nam,HNX,"Dụng cụ, dịch vụ & Phân phối Dầu",Dầu khí,7599664011000,0.073,99.927,60.98,116189853885
PVT,Tổng Công ty Cổ phần Vận tải dầu khí,HOSE,Giao thông công nghiệp,Hàng hóa và dịch vụ công nghiệp,4353109258700,0.057,99.943,51,42059992125
PVV,Công ty Cổ phần Vinaconex 39,UPCOM,Xây dựng & Vật liệu,Xây dựng & Vật liệu,25260000000,2.473,97.527,16.67,33734250
PVX,Tổng Công ty Cổ phần Xây lắp Dầu khí Việt Nam,UPCOM,Xây dựng & Vật liệu,Xây dựng & Vật liệu,599995543500,0.014,99.986,56.85,1578405015
PWA,Công ty Cổ phần Bất động sản Dầu khí,UPCOM,Dịch vụ Đầu tư Bất Động Sản,Bất động sản,124660000000,0.051,99.949,0,4689648815
PXI,Công ty Cổ phần Xây dựng Công nghiệp và Dân dụng Dầu khí,HOSE,Xây dựng & Vật liệu,Xây dựng & Vật liệu,98100000000,0.279,99.721,0,87587165
PXL,Công ty cổ phần Đầu tư Khu công nghiệp Dầu khí Long Sơn,UPCOM,Dịch vụ Đầu tư Bất Động Sản,Bất động sản,808816365540,0.708,99.292,0,2719689545
PXS,Công ty Cổ phần Kết cấu Kim loại và Lắp máy Dầu khí,HOSE,Xây dựng & Vật liệu,Xây dựng & Vật liệu,427799985740,0.341,99.659,0,2001438610
PXT,Công ty Cổ phần Xây lắp Đường ống Bể chứa Dầu khí,HOSE,Xây dựng & Vật liệu,Xây dựng & Vật liệu,28200000000,0.46,99.54,0,69231365
QBS,Công ty Cổ phần Xuất nhập khẩu Quảng Bình,HOSE,Hóa chất,Hóa chất,160845432960,26.652,73.348,0,308045345
QCG,Công ty Cổ phần Quốc Cường Gia Lai ,HOSE,Dịch vụ Đầu tư Bất Động Sản,Bất động sản,1953416901100,59.273,40.727,0,3542026135
QNC,Công ty Cổ phần Xi măng và Xây dựng Quảng Ninh,UPCOM,Xây dựng & Vật liệu,Xây dựng & Vật liệu,187471458650,13.275,86.725,0,113358595
QNS,Công Ty Cổ Phần Đường Quảng Ngãi,UPCOM,Sản xuất thực phẩm,Thực phẩm & Đồ uống,13389888531915,16.593,83.407,0,9109645110
QNU,Công ty cổ phần Môi trường Đô thị Quảng Nam,UPCOM,Dịch vụ hỗ trợ,Hàng hóa và dịch vụ công nghiệp,120360000000,9.555,90.445,0,85487500
QTC,Công ty Cổ phần Công trình giao thông Vận tải Quảng Nam,HNX,Xây dựng & Vật liệu,Xây dựng & Vật liệu,40500000000,2.222,97.778,53.8,203961450
QTP,Công ty Cổ phần Nhiệt điện Quảng Ninh,UPCOM,Điện lực,Dịch vụ tiện ích,4832100000000,0,100,64.04,766346175
RAL,Công ty Cổ phần Bóng đèn Phích nước Rạng Đông ,HOSE,Dụng cụ điện & Điện tử,Hàng hóa và dịch vụ công nghiệp,1529500000000,28.336,71.664,0,1361049750
RCL,Công ty Cổ phần Địa ốc Chợ Lớn,HNX,Dịch vụ Đầu tư Bất Động Sản,Bất động sản,226780740000,10.273,89.727,20,740214730
RDP,Công ty cổ phần Rạng Đông Holding,HOSE,Công nghiệp tổng hợp,Hàng hóa và dịch vụ công nghiệp,323630977480,64.74,35.26,0,156458370
REE,Công ty Cổ phần Cơ điện lạnh,HOSE,"Ga, nước & dịch vụ công cộng gia dụng",Dịch vụ tiện ích,14742921531300,20.925,79.075,5.27,22803014875
ROS,Công ty cổ phần Xây dựng FLC Faros,HOSE,Xây dựng & Vật liệu,Xây dựng & Vật liệu,1237363903780,0.214,99.786,0,10475591955
S4A,Công ty Cổ phần Thủy điện Sê San 4A,HOSE,Điện lực,Dịch vụ tiện ích,1156280000000,9.795,90.205,0,91311050
S55,Công ty Cổ phần Sông Đà 505,HNX,Xây dựng & Vật liệu,Xây dựng & Vật liệu,250000000000,29.242,70.758,0,184014980
S99,Công ty Cổ phần SCI,HNX,Xây dựng & Vật liệu,Xây dựng & Vật liệu,833584895700,12.208,87.792,0,291035600
SAB,Tổng Công ty Cổ phần Bia - Rượu - Nước giải khát Sài Gòn,HOSE,Đồ uống,Thực phẩm & Đồ uống,130821361944000,0,100,36,25797001450
SAC,Công ty cổ phần Xếp dỡ và Dịch vụ Cảng Sài Gòn,UPCOM,Giao thông công nghiệp,Hàng hóa và dịch vụ công nghiệp,37312299600,1.385,98.615,0,71900960
SAM,Công ty Cổ phần SAM HOLDINGS,HOSE,Dụng cụ & công nghệ phần cứng,Công nghệ,2539394946000,0,100,0,742870190
SAS,Công ty Dịch vụ Hàng không sân bay Tân Sơn Nhất,UPCOM,Giao thông công nghiệp,Hàng hóa và dịch vụ công nghiệp,3662053862310,0.724,99.276,0,190870100
SAV,Công ty Cổ phần Hợp tác kinh tế và Xuất nhập khẩu SAVIMEX,HOSE,Hàng gia dụng,Đồ dùng cá nhân và đồ gia dụng,248571487500,1.712,98.288,0,1222717950
SBA,Công ty Cổ phần Sông Ba,HOSE,Điện lực,Dịch vụ tiện ích,901263306450,0.714,99.286,39.09,671209075
SBD,Công ty cổ phần Công nghệ Sao Bắc Đẩu,UPCOM,Phần mềm & Dịch vụ máy tính,Công nghệ,115000000000,70.251,29.749,0,42889600
SBL,Công ty cổ phần Bia Sài Gòn - Bạc Liêu,UPCOM,Đồ uống,Thực phẩm & Đồ uống,151351200000,36.368,63.632,0,53956700
SBS,Công ty Cổ phần Chứng khoán Ngân hàng Sài Gòn Thương tín ,UPCOM,Dịch vụ tài chính,Dịch vụ tài chính,284858340000,0,100,0,1665146825
SBT,Công ty Cổ phần Thành Thành Công - Biên Hòa,HOSE,Sản xuất thực phẩm,Thực phẩm & Đồ uống,11617462929600,32.107,67.893,0,75217479500
SBV,Công ty Cổ phần Siam Brothers Việt Nam,HOSE,Xây dựng & Vật liệu,Xây dựng & Vật liệu,331773683400,8.601,91.399,0,644016075
SC5,Công ty Cổ phần Xây dựng số 5 ,HOSE,Xây dựng & Vật liệu,Xây dựng & Vật liệu,286184830900,60.285,39.715,0,67998400
SCD,Công ty Cổ phần Nước Giải khát Chương Dương (CDBECO),HOSE,Đồ uống,Thực phẩm & Đồ uống,207702180000,0,100,0,83107775
SCI,Công ty cổ phần SCI E&C,HNX,Xây dựng & Vật liệu,Xây dựng & Vật liệu,808277862400,0,100,0,183073165
SCL,Công ty Cổ phần Sông Đà Cao Cường,UPCOM,Xây dựng & Vật liệu,Xây dựng & Vật liệu,111647602974,27.769,72.231,0,250606675
SCR,Công ty Cổ phần Địa ốc Sài Gòn Thương Tín,HOSE,Dịch vụ Đầu tư Bất Động Sản,Bất động sản,2656083196750,1.698,98.302,0,26912629260
SCS,Công ty Cổ phần Dịch vụ Hàng hóa Sài Gòn,HOSE,Giao thông công nghiệp,Hàng hóa và dịch vụ công nghiệp,6338137930000,3.362,96.638,12.51,3796823900
SD5,Công ty Cổ phần Sông Đà 5,HNX,Xây dựng & Vật liệu,Xây dựng & Vật liệu,171598996800,0.004,99.996,0,617301910
SD6,Công ty Cổ phần Sông Đà 6,HNX,Xây dựng & Vật liệu,Xây dựng & Vật liệu,93883349700,0.267,99.733,0,212187390
SD9,Công ty Cổ phần Sông Đà 9,HNX,Xây dựng & Vật liệu,Xây dựng & Vật liệu,229367800000,0.074,99.926,0,189158800
SDD,Công ty Cổ phần Đầu tư và Xây lắp Sông Đà,UPCOM,Xây dựng & Vật liệu,Xây dựng & Vật liệu,33631408734,0,100,0,54916845
SDT,Công ty Cổ phần Sông Đà 10 ,HNX,Xây dựng & Vật liệu,Xây dựng & Vật liệu,192295399500,0.115,99.885,0,447711945
SEA,Tổng Công ty Thủy sản Việt Nam – Công ty cổ phần,UPCOM,Sản xuất thực phẩm,Thực phẩm & Đồ uống,3332246730000,0.004,99.996,0,1339390630
SEB,Công ty Cổ phần Đầu tư và Phát triển điện miền Trung,HNX,Điện lực,Dịch vụ tiện ích,1155198880900,51.241,48.759,24,55437000
SED,Công ty Cổ phần Đầu tư và Phát triển giáo dục Phương Nam ,HNX,Bán lẻ,Dịch vụ bán lẻ,147421620000,0.89,99.11,43.39,44395000
SFG,Công ty Cổ phần phân bón Miền Nam,HOSE,Hóa chất,Hóa chất,345818744260,0.895,99.105,65.05,350310450
SFI,Công ty Cổ phần Đại lý Vận tải SAFI,HOSE,Giao thông công nghiệp,Hàng hóa và dịch vụ công nghiệp,407336436500,21.974,78.026,0,314553025
SGB,NGÂN HÀNG THƯƠNG MẠI CỔ PHẦN SÀI GÒN CÔNG THƯƠNG,UPCOM,Ngân hàng,Ngân hàng,3950100000000,0.089,99.911,0,630821655
SGN,Công ty cổ phần Phục vụ Mặt đất Sài Gòn,HOSE,Giao thông công nghiệp,Hàng hóa và dịch vụ công nghiệp,2374178242800,1.349,98.651,0,1118562250
SGP,Công ty Cổ phần Cảng Sài Gòn,UPCOM,Giao thông công nghiệp,Hàng hóa và dịch vụ công nghiệp,2445244280066,0.05,99.95,0,1849595785
SGR,Công ty Cổ phần Địa ốc Sài Gòn,HOSE,Dịch vụ Đầu tư Bất Động Sản,Bất động sản,1217999776700,55.098,44.902,0,524687000
SHA,Công ty Cổ phần Sơn Hà Sài Gòn,HOSE,Hàng gia dụng,Đồ dùng cá nhân và đồ gia dụng,134742318480,8.609,91.391,0,112124235
SHB,Ngân hàng Thương mại Cổ phần Sài Gòn - Hà Nội ,HNX,Ngân hàng,Ngân hàng,30191795368000,6.929,93.071,4.64,115452281990
SHE,Công ty cổ phần Phát triển năng lượng Sơn Hà,HNX,Dụng cụ điện & Điện tử,Hàng hóa và dịch vụ công nghiệp,115062465000,17.038,82.962,0,43820160
SHI,Công ty Cổ phần Quốc tế Sơn Hà,HOSE,Hàng gia dụng,Đồ dùng cá nhân và đồ gia dụng,819963603000,15.978,84.022,0,5587693010
SHN,Công ty Cổ phần Đầu tư Tổng hợp Hà Nội,HNX,Xây dựng & Vật liệu,Xây dựng & Vật liệu,997975031900,4.179,95.821,0,46575470
SHP,Công ty Cổ phần Thủy điện miền Nam ,HOSE,Điện lực,Dịch vụ tiện ích,2183447660000,0.547,99.453,48.86,164482875
SHS,Công ty Cổ phần Chứng khoán Sài Gòn Hà Nội ,HNX,Dịch vụ tài chính,Dịch vụ tài chính,3378471676300,3.26,96.74,2.11,59377679050
SID,Công ty Cổ phần Đầu tư Phát triển Sài Gòn CO.OP,UPCOM,Dịch vụ Đầu tư Bất Động Sản,Bất động sản,1302400000000,0.091,99.909,96.09,204068010
SIP,Công ty Cổ phần Đầu tư Sài Gòn VRG,UPCOM,Dịch vụ Đầu tư Bất Động Sản,Bất động sản,11161534601348,24.286,75.714,0,111849354495
SJD,Công ty Cổ phần Thủy Điện Cần Đơn,HOSE,Điện lực,Dịch vụ tiện ích,1159176816000,0.026,99.974,50.96,3049848500
SJE,Công ty Cổ phần Sông Đà 11 ,HNX,Xây dựng & Vật liệu,Xây dựng & Vật liệu,413070328800,24.737,75.263,0,177841500
SJF,Công Ty Cổ phần Đầu tư Sao Thái Dương,HOSE,Sản xuất thực phẩm,Thực phẩm & Đồ uống,170280000000,9.472,90.528,0,2821078260
SJS,Công ty Cổ phần Đầu tư Phát triển Đô thị và Khu công nghiệp Sông Đà,HOSE,Dịch vụ Đầu tư Bất Động Sản,Bất động sản,3018283220000,9.072,90.928,44.16,4396974675
SKG,Công ty Cổ phần Tàu cao tốc Superdong – Kiên Giang ,HOSE,Giao thông công nghiệp,Hàng hóa và dịch vụ công nghiệp,706148845250,32.587,67.413,0,4178514200
SKH,Công ty Cổ phần Nước giải khát Sanest Khánh Hòa,UPCOM,Đồ uống,Thực phẩm & Đồ uống,651816000000,0.219,99.781,0,754553350
SLS,Công ty Cổ phần Mía đường Sơn La ,HNX,Sản xuất thực phẩm,Thực phẩm & Đồ uống,644309981000,33.906,66.094,0,1689689790
SMB,Công ty Cổ phần Bia Sài Gòn - Miền Trung ,HOSE,Đồ uống,Thực phẩm & Đồ uống,1253559216000,2.364,97.636,2.41,1219504750
SMC,Công ty Cổ phần đầu tư thương mại SMC ,HOSE,Kim loại công nghiệp,Tài nguyên,944305585500,26.055,73.945,0,3611405700
SNZ,Tổng Công ty Cổ phần Phát triển khu Công Nghiệp,UPCOM,Dịch vụ Đầu tư Bất Động Sản,Bất động sản,11428785080800,0.052,99.948,97.84,1129669215
SPD,Công ty Cổ phần Xuất nhập khẩu Thủy sản miền Trung ,UPCOM,Sản xuất thực phẩm,Thực phẩm & Đồ uống,108540000000,8.625,91.375,0,807229435
SPI,Công ty Cổ phần SPI,HNX,Dịch vụ hỗ trợ,Hàng hóa và dịch vụ công nghiệp,25222500000,0,100,0,248782615
SPM,Công ty Cổ phần S.P.M ,HOSE,Dược phẩm & công nghệ sinh học,Y tế,181075500000,73.425,26.575,0,92209575
SPV,Công ty cổ phần Thủy Đặc Sản,UPCOM,Sản xuất thực phẩm,Thực phẩm & Đồ uống,136080000000,3.607,96.393,0,43850955
SRA,Công ty Cổ phần Sara Việt Nam ,HNX,Phần mềm & Dịch vụ máy tính,Công nghệ,246959745200,8.41,91.59,0,2845364550
SRC,Công ty Cổ phần Cao su Sao vàng,HOSE,Ôtô & phụ tùng ôtô,Ôtô & linh kiện phụ tùng ,547235676000,5.017,94.983,36,1687252500
SRF,Công ty Cổ phần Kỹ Nghệ Lạnh,HOSE,Công nghiệp cơ khí ,Hàng hóa và dịch vụ công nghiệp,417729399200,12.829,87.171,0,38583100
SSC,Công ty Cổ phần Giống cây trồng miền Nam ,HOSE,Sản xuất thực phẩm,Thực phẩm & Đồ uống,657616946750,0,100,0,65966450
SSI,Công ty Cổ phần chứng khoán SSI,HOSE,Dịch vụ tài chính,Dịch vụ tài chính,15113548548600,3.882,96.118,0,169642030075
SSN,Công ty Cổ phần xuất nhập khẩu thủy sản Sài Gòn,UPCOM,Sản xuất thực phẩm,Thực phẩm & Đồ uống,201168000000,8.11,91.89,0,362578665
ST8,Công ty Cổ phần Siêu Thanh ,HOSE,Dụng cụ & công nghệ phần cứng,Công nghệ,273927606300,80.072,19.928,0,55534265
STB,Ngân hàng Thương mại Cổ phần Sài Gòn Thương Tín,HOSE,Ngân hàng,Ngân hàng,28768272192550,4.059,95.941,0,281474105375
STG,Công ty Cổ phần Kho vận miền Nam,HOSE,Giao thông công nghiệp,Hàng hóa và dịch vụ công nghiệp,1414848340800,0.087,99.913,0,33022575
STH,Công ty cổ phần phát hành sách Thái Nguyên,UPCOM,Bán lẻ,Dịch vụ bán lẻ,272688000000,35.923,64.077,0,865951450
STK,Công ty Cổ phần Sợi thế kỷ ,HOSE,Hóa chất,Hóa chất,1408026321100,36.76,63.24,0,2411792925
SVC,Công ty Cổ phần dịch vụ tổng hợp Sài Gòn ,HOSE,Bán lẻ,Dịch vụ bán lẻ,2347682853000,10.017,89.983,40.78,80179350
SVI,Công ty Cổ phần Bao bì Biên Hòa,HOSE,Công nghiệp tổng hợp,Hàng hóa và dịch vụ công nghiệp,1045843615500,2.104,97.896,0,55727400
SVN,Công ty cổ phần Tập đoàn Vexilla Việt Nam,HNX,Xây dựng & Vật liệu,Xây dựng & Vật liệu,35700000000,0.024,99.976,0,57318000
SWC,Tổng Công ty Cổ phần Đường sông Miền Nam ,UPCOM,Giao thông công nghiệp,Hàng hóa và dịch vụ công nghiệp,1071654100000,0.023,99.977,0,893504385
SZB,Công ty cổ phần Sonadezi Long Bình,HNX,Hàng gia dụng,Đồ dùng cá nhân và đồ gia dụng,1062000000000,2.808,97.192,46.22,4671713060
SZC,Công ty cổ phần Sonadezi Châu Đức,HOSE,Xây dựng & Vật liệu,Xây dựng & Vật liệu,2970000000000,2.235,97.765,2.8,37238997550
SZE,Công ty cổ phần Môi trường Sonadezi,UPCOM,Dịch vụ hỗ trợ,Hàng hóa và dịch vụ công nghiệp,405840000000,1.938,98.062,64.04,631623300
SZL,Công ty Cổ phần Sonadezi Long Thành,HOSE,Dịch vụ Đầu tư Bất Động Sản,Bất động sản,971394060000,0.325,99.675,56.85,2920952450
TA9,Công ty Cổ phần Xây lắp Thành An 96,HNX,Xây dựng & Vật liệu,Xây dựng & Vật liệu,121713912600,3.15,96.85,51,455875235
TAC,Công ty Cổ phần Dầu thực vật Tường An,HOSE,Sản xuất thực phẩm,Thực phẩm & Đồ uống,1580322304200,0.474,99.526,0,2231556675
TAR,Công ty cổ phần Nông nghiệp công nghệ cao Trung An,HNX,Sản xuất thực phẩm,Thực phẩm & Đồ uống,877799519300,50.573,49.427,0,10654094130
TBC,Công ty Cổ phần Thủy điện Thác Bà,HOSE,Điện lực,Dịch vụ tiện ích,1565275000000,0,100,0,238950125
TC6,Công ty Cổ phần Than Cọc Sáu - VINACOMIN ,HNX,Khai thác mỏ,Tài nguyên,152731693500,0.105,99.895,65,39223870
TCB,Ngân hàng Thương mại Cổ phần Kỹ Thương Việt Nam - Techcombank,HOSE,Ngân hàng,Ngân hàng,91703667004400,21.923,78.077,0.03,430038693150
TCD,Công ty Cổ phần Đầu tư Phát triển Công nghiệp và Vận tải,HOSE,Xây dựng & Vật liệu,Xây dựng & Vật liệu,496593195000,17.501,82.499,0,65521825
TCH,Công ty Cổ phần Đầu tư Dịch vụ Tài chính Hoàng Huy,HOSE,Dịch vụ Đầu tư Bất Động Sản,Bất động sản,6800477607000,49.381,50.619,0,236195686250
TCL,Công ty Cổ phần Đại lý giao nhận Vận tải xếp dỡ Tân Cảng ,HOSE,Giao thông công nghiệp,Hàng hóa và dịch vụ công nghiệp,854991660600,0.921,99.079,51,8054814275
TCM,Công ty Cổ phần Dệt may - Đầu tư - Thương mại Thành Công ,HOSE,Hàng hóa cá nhân,Đồ dùng cá nhân và đồ gia dụng,2921786437850,0.079,99.921,0,35470820825
TCT,Công ty Cổ phần Cáp treo Núi Bà Tây Ninh ,HOSE,Du lịch & Giải trí,Du lịch & Giải trí,364458000000,0,100,0,897766600
TCW,Công ty Cổ phần Kho vận Tân Cảng,UPCOM,Giao thông công nghiệp,Hàng hóa và dịch vụ công nghiệp,515788307020,0.41,99.59,59.01,939755180
TDC,Công ty Cổ phần Kinh doanh và Phát triển Bình Dương,HOSE,Xây dựng & Vật liệu,Xây dựng & Vật liệu,967000000000,1.405,98.595,60.7,5425863190
TDG,Công ty Cổ phần Dầu khí Thái Dương,HOSE,Sản xuất dầu khí,Dầu khí,39409500000,16.461,83.539,0,1249667945
TDH,Công ty Cổ phần Phát triển nhà Thủ Đức,HOSE,Dịch vụ Đầu tư Bất Động Sản,Bất động sản,1022887124360,4.535,95.465,6,24181959425
TDM,Công ty cổ phần Nước Thủ Dầu Một,HOSE,"Ga, nước & dịch vụ công cộng gia dụng",Dịch vụ tiện ích,2593470000000,9.06,90.94,0,15562788650
TDN,Công ty Cổ phần Than Đèo Nai - VINACOMIN ,HNX,Khai thác mỏ,Tài nguyên,229624956600,0.203,99.797,65,655613165
TDP,Công ty cổ phần Thuận Đức,HOSE,Hóa chất,Hóa chất,2059001757100,49.853,50.147,0,16644365875
TDS,Công ty Cổ phần thép Thủ Đức,UPCOM,Kim loại công nghiệp,Tài nguyên,152585130033,7.173,92.827,0,76246180
TDT,Công ty Cổ phần Đầu tư và Phát triển TDT,HNX,Hàng hóa cá nhân,Đồ dùng cá nhân và đồ gia dụng,179905257600,28.655,71.345,0,1205736270
TEG,Công ty Cổ phần Năng lượng và Bất động sản Trường Thành,HOSE,Sản xuất giấy & Trồng rừng,Tài nguyên,150583935300,10.896,89.104,0,49448790
TGG,Công ty Cổ phần Xây dựng và Đầu tư Trường Giang,HOSE,Xây dựng & Vật liệu,Xây dựng & Vật liệu,28391989600,0.004,99.996,0,255065530
THD,CÔNG TY CỔ PHẦN THAIHOLDINGS,HNX,Hàng gia dụng,Đồ dùng cá nhân và đồ gia dụng,19635000000000,0.77,99.23,0,2534728775
THG,Công ty Cổ phần Đầu tư và Xây dựng Tiền Giang ,HOSE,Xây dựng & Vật liệu,Xây dựng & Vật liệu,800027756000,26.346,73.654,0,884793650
THP,Công ty cổ phần Thủy sản và Thương mại Thuận Phước,UPCOM,Sản xuất thực phẩm,Thực phẩm & Đồ uống,218938862835,68.571,31.429,0,44191150
THT,Công ty Cổ phần than Hà Tu – Vinacomin,HNX,Khai thác mỏ,Tài nguyên,186724795200,0.118,99.882,70.49,104437675
TID,Công ty cổ phần Tổng công ty Tín Nghĩa,UPCOM,Dịch vụ Đầu tư Bất Động Sản,Bất động sản,3207600000000,6.217,93.783,0,39210800
TIE,Công ty Cổ phần TIE,UPCOM,Bán lẻ,Dịch vụ bán lẻ,57419400000,16.301,83.699,0,476434500
TIG,Công ty Cổ phần Tập đoàn Đầu tư Thăng Long ,HNX,Dịch vụ Đầu tư Bất Động Sản,Bất động sản,563674884800,22.296,77.704,0,6090470180
TIP,Công ty Cổ phần Phát triển Khu công nghiệp Tín Nghĩa,HOSE,Quỹ đầu tư Bất Động Sản,Bất động sản,894508119200,1.432,98.568,0,4661599150
TJC,Công ty Cổ phần Dịch vụ Vận tải và Thương mại ,HNX,Giao thông công nghiệp,Hàng hóa và dịch vụ công nghiệp,98040000000,3.614,96.386,0,142165150
TKC,Công ty Cổ phần Xây dựng và Kinh doanh địa ốc Tân Kỷ,HNX,Xây dựng & Vật liệu,Xây dựng & Vật liệu,64393392000,42.58,57.42,0,103636325
TLD,Công ty Cổ phần Đầu tư Xây dựng và Phát triển Đô thị Thăng Long,HOSE,Xây dựng & Vật liệu,Xây dựng & Vật liệu,203208771180,19.462,80.538,0,4716671620
TLG,Công ty Cổ phần Tập đoàn Thiên Long,HOSE,Hàng gia dụng,Đồ dùng cá nhân và đồ gia dụng,2990742557600,12.136,87.864,0,4937900050
TLH,Công ty Cổ phần Tập đoàn thép Tiến Lên,HOSE,Kim loại công nghiệp,Tài nguyên,667313617230,47.441,52.559,0,4702608875
TLP,Tổng công ty Thương mại Xuất nhập khẩu Thanh Lễ – CTCP,UPCOM,Sản xuất dầu khí,Dầu khí,2720668850000,4.895,95.105,0,110854340
TLT,Công ty Cổ phần Viglacera Thăng Long,UPCOM,Xây dựng & Vật liệu,Xây dựng & Vật liệu,66479987800,4.38,95.62,0,105178330
TMB,Công ty Cổ phần Kinh doanh Than miền Bắc - Vinacomin,HNX,Khai thác mỏ,Tài nguyên,243000000000,0.382,99.618,67.44,54466500
TMP,Công ty Cổ phần Thủy điện Thác Mơ,HOSE,Điện lực,Dịch vụ tiện ích,2940000000000,0.029,99.971,51.92,73986475
TMS,CÔNG TY CỔ PHẦN TRANSIMEX,HOSE,Giao thông công nghiệp,Hàng hóa và dịch vụ công nghiệp,2527936349400,26.839,73.161,3.96,3311593550
TMT,Công ty Cổ phần Ô tô TMT ,HOSE,Ôtô & phụ tùng ôtô,Ôtô & linh kiện phụ tùng ,215736183000,44.564,55.436,0,87867600
TN1,CÔNG TY CỔ PHẦN THƯƠNG MẠI DỊCH VỤ TNS HOLDINGS,HOSE,Dịch vụ Đầu tư Bất Động Sản,Bất động sản,1530527856000,0.873,99.127,0,216375650
TNA,Công ty Cổ phần Thương Mại Xuất Nhập Khẩu Thiên Nam,HOSE,Bán lẻ,Dịch vụ bán lẻ,519894276000,44.525,55.475,0,4659222500
TNC,Công ty Cổ phần Cao su Thống Nhất,HOSE,Hóa chất,Hóa chất,596750000000,6.455,93.545,51,85617775
TNG,Công ty Cổ phần Đầu tư và Thương mại TNG ,HNX,Hàng hóa cá nhân,Đồ dùng cá nhân và đồ gia dụng,1169136879000,42.302,57.698,0,39540838350
TNI,Công ty cổ phần Tập đoàn Thành Nam,HOSE,Kim loại công nghiệp,Tài nguyên,153300000000,1.511,98.489,0,1533950605
TNT,Công ty Cổ phần Tài Nguyên ,HOSE,Dịch vụ Đầu tư Bất Động Sản,Bất động sản,43860000000,5.125,94.875,0,133629850
TPB,Ngân hàng Thương mại cổ phần Tiên Phong,HOSE,Ngân hàng,Ngân hàng,23160669701700,17.563,82.437,4.49,58984362100
TRA,Công ty Cổ phần Traphaco ,HOSE,Dược phẩm & công nghệ sinh học,Y tế,2839361990000,7.362,92.638,35.67,252280350
TRC,Công ty Cổ phần Cao su Tây Ninh,HOSE,Hóa chất,Hóa chất,1063062500000,0.035,99.965,60,80541675
TRS,Công ty Cổ phần Vận tải và Dịch vụ Hàng hải,UPCOM,Giao thông công nghiệp,Hàng hóa và dịch vụ công nghiệp,194866648600,40.08,59.92,0,151957155
TSC,Công ty Cổ phần Vật tư kỹ thuật nông nghiệp Cần Thơ,HOSE,Sản xuất thực phẩm,Thực phẩm & Đồ uống,466567945440,0.076,99.924,0,2702591550
TST,Công ty Cổ phần Dịch vụ Kỹ thuật Viễn thông,HNX,Dụng cụ & công nghệ phần cứng,Công nghệ,62880000000,12.131,87.869,32.81,52842200
TTA,Công ty Cổ phần Đầu tư Xây dựng và Phát triển Trường Thành,HOSE,Điện lực,Dịch vụ tiện ích,2328750000000,45.908,54.092,0,13715309575
TTB,Công ty Cổ phần Tập đoàn Tiến Bộ,HOSE,Xây dựng & Vật liệu,Xây dựng & Vật liệu,224581781880,27.358,72.642,0,2034792575
TTD,Công ty cổ phần Bệnh viện Tim Tâm Đức,UPCOM,Dụng cụ & dịch vụ y tế,Y tế,846028800000,16.451,83.549,0,54612500
TTF,Công ty Cổ phần Tập đoàn Kỹ nghệ gỗ Trường Thành ,HOSE,Hàng gia dụng,Đồ dùng cá nhân và đồ gia dụng,1786187475380,2.348,97.652,0,21732736540
TTH,Công ty Cổ phần Thương mại và Dịch vụ Tiến Thành,HNX,Bán lẻ,Dịch vụ bán lẻ,67274722800,21.062,78.938,0,145676410
TTN,Công ty Cổ phần Công nghệ và Truyền thông Việt Nam,UPCOM,Viễn thông di động,Viễn thông,226657645000,0.409,99.591,8.17,1077801855
TTZ,Công ty Cổ phần Đầu tư Xây dựng và Công nghệ Tiến Trung,HNX,Giao thông công nghiệp,Hàng hóa và dịch vụ công nghiệp,26496554000,11.993,88.007,0,189630400
TV2,Công ty Cổ phần Tư vấn Xây dựng điện 2,HOSE,Dịch vụ hỗ trợ,Hàng hóa và dịch vụ công nghiệp,1915995446400,1.628,98.372,51.33,9490372600
TV3,Công ty Cổ phần Tư vấn xây dựng điện 3,HNX,Xây dựng & Vật liệu,Xây dựng & Vật liệu,215177716000,5.121,94.879,48.78,42326400
TV4,Công ty Cổ phần Tư vấn xây dựng điện 4,HNX,Xây dựng & Vật liệu,Xây dựng & Vật liệu,203435863800,3.261,96.739,71.59,50709480
TVB,Công ty Cổ phần Chứng khoán Trí Việt,HOSE,Dịch vụ tài chính,Dịch vụ tài chính,635862572600,0.018,99.982,0,6881643000
TVC,Công ty cổ phần Tập đoàn Quản lý Tài sản Trí Việt,HNX,Dịch vụ tài chính,Dịch vụ tài chính,566364877500,0.053,99.947,0,16887369330
TVD,Công ty Cổ phần than Vàng Danh - Vinacomin ,HNX,Khai thác mỏ,Tài nguyên,314740048000,0.344,99.656,66.83,556525390
TVN,Tổng công ty Thép Việt Nam - CTCP,UPCOM,Kim loại công nghiệp,Tài nguyên,5343996000000,0.004,99.996,93.93,2020737370
TVS,Công ty Cổ phần Chứng Khoán Thiên Việt,HOSE,Dịch vụ tài chính,Dịch vụ tài chính,1208292640200,27.912,72.088,0,280090675
TVT,Tổng công ty Việt Thắng - CTCP,HOSE,Hàng hóa cá nhân,Đồ dùng cá nhân và đồ gia dụng,499800000000,9.413,90.587,46.93,122698225
TXM,Công ty Cổ phần VICEM Thạch cao Xi măng,HNX,Xây dựng & Vật liệu,Xây dựng & Vật liệu,35700000000,0.035,99.965,51.21,57177090
TYA,Công ty Cổ phần Dây và Cáp điện Taya Việt Nam ,HOSE,Dụng cụ & công nghệ phần cứng,Công nghệ,443334409900,1.315,98.685,0,439481825
UDC,Công ty Cổ phần Xây dựng và Phát triển đô thị Bà Rịa - Vũng Tàu,HOSE,Xây dựng & Vật liệu,Xây dựng & Vật liệu,180124140000,0.331,99.669,67.69,192586880
UDJ,Công ty Cổ phần Phát triển Đô thị - Becamex UDJ,UPCOM,Xây dựng & Vật liệu,Xây dựng & Vật liệu,135676260240,0.2,99.8,0,176295980
UIC,Công ty Cổ phần Đầu tư phát triển Nhà và Đô thị IDICO ,HOSE,Xây dựng & Vật liệu,Xây dựng & Vật liệu,380000000000,1.314,98.686,0,141971850
UNI,Công ty Cổ phần Viễn Liên,HNX,Dịch vụ Đầu tư Bất Động Sản,Bất động sản,113338636800,6.354,93.646,0,78566565
V21,Công ty Cổ phần Vinaconex 21,HNX,Xây dựng & Vật liệu,Xây dựng & Vật liệu,49199134900,21.246,78.754,0,35759000
VAV,Công ty cổ phần VIWACO,UPCOM,"Ga, nước & dịch vụ công cộng gia dụng",Dịch vụ tiện ích,673600000000,0.093,99.907,23.7,86039000
VBB,Ngân hàng Thương mại Cổ phần Việt Nam Thương Tín,UPCOM,Ngân hàng,Ngân hàng,4762580228864,17.224,82.776,0,65610050
VBC,Công ty Cổ phần Nhựa - Bao bì Vinh ,HNX,Công nghiệp tổng hợp,Hàng hóa và dịch vụ công nghiệp,134999280000,1.525,98.475,50.96,57584000
VC3,CÔNG TY CỔ PHẦN TẬP ĐOÀN NAM MÊ KÔNG,HNX,Xây dựng & Vật liệu,Xây dựng & Vật liệu,1031164349800,0.292,99.708,0,2799395070
VC7,Công ty Cổ phần Xây dựng số 7 ,HNX,Xây dựng & Vật liệu,Xây dựng & Vật liệu,108101875500,31.442,68.558,0,35239475
VCA,Công ty Cổ phần Thép VICASA - VNSTEEL,UPCOM,Kim loại công nghiệp,Tài nguyên,167106103966,0.046,99.954,0,79388265
VCB,Ngân hàng Thương mại Cổ phần Ngoại thương Việt Nam ,HOSE,Ngân hàng,Ngân hàng,370516857055200,0.008,99.992,74.8,95898539700
VCF,Công ty Cổ phần Vinacafé Biên Hòa,HOSE,Đồ uống,Thực phẩm & Đồ uống,6139780185000,0.004,99.996,0,71453650
VCG,Tổng Công ty Cổ phần Xuất nhập khẩu và xây dựng Việt Nam ,HNX,Xây dựng & Vật liệu,Xây dựng & Vật liệu,16740283996800,0.024,99.976,0,66157006405
VCI,Công ty Cổ phần Chứng khoán Bản Việt,HOSE,Dịch vụ tài chính,Dịch vụ tài chính,7534800000000,35.329,64.671,0,46801526250
VCP,Công ty Cổ phần Đầu tư Xây dựng và Phát triển Năng lượng Vinaconex,UPCOM,Điện lực,Dịch vụ tiện ích,2891894644855,1.036,98.964,0,3371976175
VCR,Công ty Cổ phần Đầu tư và Phát triển Du lịch Vinaconex,UPCOM,Dịch vụ Đầu tư Bất Động Sản,Bất động sản,684180000000,0.092,99.908,0,4709589320
VCS,Công ty Cổ phần VICOSTONE,HNX,Xây dựng & Vật liệu,Xây dựng & Vật liệu,12726400000000,4.05,95.95,0,25656878495
VCW,Công ty cổ phần Đầu tư Nước sạch Sông Đà,UPCOM,"Ga, nước & dịch vụ công cộng gia dụng",Dịch vụ tiện ích,2700000000000,0,100,0,30609770
VDP,Công ty Cổ phần Dược phẩm Trung ương Vidipha,HOSE,Dược phẩm & công nghệ sinh học,Y tế,411171504000,16.84,83.16,0,202412525
VDS,Công ty Cổ phần Chứng khoán Rồng Việt (VDSC),HOSE,Dịch vụ tài chính,Dịch vụ tài chính,985984074100,30.746,69.254,0,100878795
VE4,Công ty Cổ phần xây dựng điện VNECO 4 ,HNX,Xây dựng & Vật liệu,Xây dựng & Vật liệu,10280000000,3.369,96.631,0,31421000
VEA,Tổng công ty Máy Động lực và Máy Nông nghiệp Việt Nam – CTCP,UPCOM,Ôtô & phụ tùng ôtô,Ôtô & linh kiện phụ tùng ,67311692800000,0.086,99.914,88.47,14074598535
VEC,Tổng Công ty Cổ phần Điện tử và Tin học Việt Nam,UPCOM,Hàng hóa giải trí,Đồ dùng cá nhân và đồ gia dụng,501772800000,0.137,99.863,87.97,273887250
VEF,Công ty cổ phần Trung Tâm Hội Chợ Triển Lãm Việt Nam,UPCOM,Truyền thông,Phương tiện truyền thông,14111196430950,0,100,10,747879470
VFG,Công ty Cổ phần Khử trùng Việt Nam ,HOSE,Hóa chất,Hóa chất,1524126040000,3.502,96.498,0,166037300
VFS,Công ty cổ phần chứng khoán Nhất Việt,UPCOM,Dịch vụ tài chính,Dịch vụ tài chính,271297000000,28.543,71.457,0,131838725
VGC,Tổng Công ty Viglacera - CTCP,HOSE,Xây dựng & Vật liệu,Xây dựng & Vật liệu,11477760000000,0.517,99.483,38.58,8653730500
VGG,Tổng Công ty Cổ phần may Việt Tiến ,UPCOM,Hàng hóa cá nhân,Đồ dùng cá nhân và đồ gia dụng,2164869000000,0.932,99.068,0,2721158765
VGI,Tổng Công ty cổ phần Đầu tư Quốc tế Viettel,UPCOM,Viễn thông cố định,Viễn thông,102369458278400,0.003,99.997,99.03,33305605280
VGS,Công ty Cổ phần Ống thép Việt Đức VG PIPE,HNX,Kim loại công nghiệp,Tài nguyên,526394862500,53.412,46.588,0,2521935360
VGT,Tập đoàn Dệt May Việt Nam,UPCOM,Hàng hóa cá nhân,Đồ dùng cá nhân và đồ gia dụng,4823000000000,2.009,97.991,53.49,4648574885
VGV,Tổng Công ty Tư vấn Xây dựng Việt Nam - CTCP,UPCOM,Xây dựng & Vật liệu,Xây dựng & Vật liệu,348013830144,0.95,99.05,0,34152000
VHC,Công ty Cổ phần Vĩnh Hoàn,HOSE,Sản xuất thực phẩm,Thực phẩm & Đồ uống,8205765772600,49.378,50.622,0,34310859600
VHE,Công ty cổ phần Dược liệu và Thực phẩm Việt Nam,HNX,Bán lẻ thực phẩm & thuốc,Dịch vụ bán lẻ,39071985200,57.571,42.429,0,187097280
VHG,Công ty Cổ phần Đầu tư Cao su Quảng Nam,UPCOM,Dụng cụ & công nghệ phần cứng,Công nghệ,117750000000,0.169,99.831,0,110102130
VHL,Công ty Cổ phần Viglacera Hạ Long,HNX,Xây dựng & Vật liệu,Xây dựng & Vật liệu,652500000000,7.858,92.142,0,62173040
VHM,Công ty cổ phần Vinhomes,HOSE,Dịch vụ Đầu tư Bất Động Sản,Bất động sản,286187710866000,0,100,0,228975742100
VIB,Ngân hàng Thương mại Cổ phần Quốc tế Việt Nam,HOSE,Ngân hàng,Ngân hàng,35334003086200,24.877,75.123,0,29696243150
VIC,Tập đoàn VINGROUP - CTCP,HOSE,Dịch vụ Đầu tư Bất Động Sản,Bất động sản,368346691251000,34.341,65.659,0,88241107600
VID,Công ty Cổ phần Đầu tư Phát triển Thương mại Viễn Đông,HOSE,Sản xuất giấy & Trồng rừng,Tài nguyên,303551088100,40.034,59.966,0,380191780
VIG,Công ty Cổ phần Chứng khoán Thương mại và Công nghiệp Việt Nam (VICS) ,HNX,Dịch vụ tài chính,Dịch vụ tài chính,40959960000,0.053,99.947,18.43,359247500
VIP,Công ty Cổ phần Vận tải Xăng dầu VIPCO,HOSE,Giao thông công nghiệp,Hàng hóa và dịch vụ công nghiệp,510018630390,0.365,99.635,51,3166457895
VIS,Công ty Cổ phần Thép Việt Ý,HOSE,Kim loại công nghiệp,Tài nguyên,1310489475750,0.009,99.991,0,240871825
VIT,Công ty Cổ phần Viglacera Tiên Sơn ,HNX,Xây dựng & Vật liệu,Xây dựng & Vật liệu,280795161600,10.537,89.463,0,426370135
VIX,CÔNG TY CỔ PHẦN CHỨNG KHOÁN VIX,HNX,Dịch vụ tài chính,Dịch vụ tài chính,2758729860000,7.796,92.204,0,70213061055
VJC,Công ty cổ phần Hàng không VIETJET,HOSE,Du lịch & Giải trí,Du lịch & Giải trí,66527501438000,10.708,89.292,0,70145153100
VKC,Công ty Cổ phần Cáp Nhựa Vĩnh Khánh,HNX,Công nghiệp tổng hợp,Hàng hóa và dịch vụ công nghiệp,79043900000,29.098,70.902,0,57142735
VKD,Công ty Cổ phần Nước khoáng Khánh Hòa - FIT Beverage,UPCOM,Đồ uống,Thực phẩm & Đồ uống,441599558400,0,100,0,48883800
VLB,Công ty Cổ phần Xây dựng và Sản xuất vật liệu xây dựng Biên Hòa,UPCOM,Xây dựng & Vật liệu,Xây dựng & Vật liệu,1596359324560,0.289,99.711,49,52225800
VLC,Tổng Công ty Chăn nuôi Việt Nam - CTCP,UPCOM,Sản xuất thực phẩm,Thực phẩm & Đồ uống,2313787468000,0.19,99.81,0,2345492235
VMC,Công ty Cổ phần VIMECO,HNX,Xây dựng & Vật liệu,Xây dựng & Vật liệu,208000000000,0.617,99.383,0,257869175
VNA,Công ty Cổ phần vận tải biển VINASHIP ,UPCOM,Giao thông công nghiệp,Hàng hóa và dịch vụ công nghiệp,73580000000,1.362,98.638,0,869349425
VNB,Công ty cổ phần Sách Việt Nam,UPCOM,Bán lẻ,Dịch vụ bán lẻ,787581536000,0.01,99.99,10,50125400
VND,Công ty Cổ phần Chứng khoán VNDIRECT,HOSE,Dịch vụ tài chính,Dịch vụ tài chính,4545753897800,2.987,97.013,0,46507912100
VNE,Tổng Công ty Cổ phần Xây dựng điện Việt Nam,HOSE,Xây dựng & Vật liệu,Xây dựng & Vật liệu,394922039060,0.906,99.094,0,472353775
VNF,Công ty cổ phần VINAFREIGHT,HNX,Giao thông công nghiệp,Hàng hóa và dịch vụ công nghiệp,276432750000,1.854,98.146,0,38246000
VNG,Công ty Cổ phần Du lịch Thành Thành Công,HOSE,Du lịch & Giải trí,Du lịch & Giải trí,1493195932800,4.088,95.912,0,3013376375
VNL,Công ty Cổ phần LOGISTICS VINALINK ,HOSE,Giao thông công nghiệp,Hàng hóa và dịch vụ công nghiệp,151200000000,8.67,91.33,0,78003625
VNM,Công ty Cổ phần Sữa Việt Nam,HOSE,Sản xuất thực phẩm,Thực phẩm & Đồ uống,236965782236400,0.503,99.497,36,257474906600
VNP,Công ty Cổ phần nhựa Việt Nam ,UPCOM,Hóa chất,Hóa chất,154537574002,1.572,98.428,65.85,1444151030
VNR,Tổng Công ty Cổ phần tái bảo hiểm quốc gia Việt Nam,HNX,Bảo hiểm phi nhân thọ,Bảo hiểm,2490442803000,0.499,99.501,40.36,119356175
VNS,Công ty Cổ phần Ánh Dương Việt Nam ,HOSE,Du lịch & Giải trí,Du lịch & Giải trí,743058152400,39.346,60.654,7.91,39708200
VNX,Công ty Cổ phần Quảng cáo và Hội chợ thương mại,UPCOM,Truyền thông,Phương tiện truyền thông,79621620000,55.325,44.675,0,51422000
VOC,Tổng Công ty Công nghiệp dầu thực vật Việt Nam – CTCP,UPCOM,Sản xuất thực phẩm,Thực phẩm & Đồ uống,2671561200000,0.045,99.955,36.3,8853079945
VOS,Công ty Cổ phần Vận tải biển Việt Nam ,HOSE,Giao thông công nghiệp,Hàng hóa và dịch vụ công nghiệp,308000000000,0.176,99.824,51,2521926045
VPB,Ngân hàng Thương mại Cổ phần Việt Nam thịnh vượng,HOSE,Ngân hàng,Ngân hàng,69963378104200,30.445,69.555,0.12,199318084625
VPD,Công ty Cổ phần Phát triển Điện Lực Việt Nam,HOSE,Điện lực,Dịch vụ tiện ích,1492254806000,1.622,98.378,36.65,104566925
VPG,Công ty cổ phần Đầu tư Thương mại Xuất nhập khẩu Việt Phát,HOSE,Khai thác mỏ,Tài nguyên,611517098400,42.804,57.196,0,15795102750
VPH,Công ty Cổ phần Vạn Phát Hưng ,HOSE,Dịch vụ Đầu tư Bất Động Sản,Bất động sản,418620742000,36.076,63.924,0,317648400
VPI,Công ty Cổ phần Đầu tư Văn Phú - Invest,HOSE,Dịch vụ Đầu tư Bất Động Sản,Bất động sản,6629996685000,37.336,62.664,0,43777191450
VPS,Công ty Cổ phần thuốc sát trùng Việt Nam ,HOSE,Hóa chất,Hóa chất,313098137600,28.888,71.112,51,236752000
VRC,Công ty cổ phần Bất động sản và Đầu tư VRC,HOSE,Dịch vụ Đầu tư Bất Động Sản,Bất động sản,369500000000,9.215,90.785,0,1603289415
VRE,Công ty Cổ phần Vincom Retail,HOSE,Dịch vụ Đầu tư Bất Động Sản,Bất động sản,68169552300000,0,100,0,166192437800
VRG,Công ty Cổ phần Phát triển đô thị và Khu công nghiệp Cao su Việt Nam,UPCOM,Xây dựng & Vật liệu,Xây dựng & Vật liệu,635563640192,0.103,99.897,11.59,2542703300
VSC,Công ty Cổ phần Container Việt Nam ,HOSE,Giao thông công nghiệp,Hàng hóa và dịch vụ công nghiệp,2932532853600,3.005,96.995,0,8762455950
VSH,Công ty Cổ phần Thủy điện Vĩnh Sơn – Sông Hinh,HOSE,Điện lực,Dịch vụ tiện ích,3836087175600,0.144,99.856,30.55,929583700
VSI,Công ty Cổ phần đầu tư và xây dựng cấp thoát nước,HOSE,Xây dựng & Vật liệu,Xây dựng & Vật liệu,220439949900,0.769,99.231,60,36115725
VSM,Công ty Cổ phần Container Miền Trung,HNX,Giao thông công nghiệp,Hàng hóa và dịch vụ công nghiệp,45140000000,3.785,96.215,0,105538000
VSN,Công ty cổ phần Việt Nam Kỹ Nghệ Súc Sản,UPCOM,Sản xuất thực phẩm,Thực phẩm & Đồ uống,2127706655200,0.011,99.989,0,70146990
VTB,Công ty Cổ phần Viettronics Tân Bình,HOSE,Hàng hóa giải trí,Đồ dùng cá nhân và đồ gia dụng,119930172000,3.83,96.17,0,304105480
VTD,Công ty Cổ phần Du lịch Vietourist,UPCOM,Du lịch & Giải trí,Du lịch & Giải trí,61362000000,19.471,80.529,0,1186641225
VTJ,Công ty Cổ phần Thương mại và Đầu tư VI NA TA BA,HNX,Thuốc lá,Đồ dùng cá nhân và đồ gia dụng,42180000000,0.539,99.461,0,32466300
VTK,Công ty cổ phần Tư vấn Thiết kế Viettel,UPCOM,Dụng cụ & công nghệ phần cứng,Công nghệ,126723186015,0.195,99.805,68,750751550
VTO,Công ty Cổ phần Vận tải xăng dầu VITACO,HOSE,Giao thông công nghiệp,Hàng hóa và dịch vụ công nghiệp,587556661700,2.879,97.121,51.92,169400650
VTP,Tổng công ty Cổ phần Bưu chính Viettel,UPCOM,Giao thông công nghiệp,Hàng hóa và dịch vụ công nghiệp,9191080066272,0.717,99.283,66.81,12394519545
VTR,Công ty cổ phần Du lịch và Tiếp thị Giao thông Vận tải Việt Nam - Vietravel,UPCOM,Du lịch & Giải trí,Du lịch & Giải trí,629833285170,23.412,76.588,0,1693404895
WCS,Công ty Cổ phần Bến xe miền Tây,HNX,Du lịch & Giải trí,Du lịch & Giải trí,535000000000,0.144,99.856,51,206729100
WSB,Công ty Cổ phần Bia Sài Gòn - Miền Tây,UPCOM,Đồ uống,Thực phẩm & Đồ uống,641059500000,5.525,94.475,0,250829600
WSS,Công ty Cổ phần Chứng khoán phố Wall,HNX,Dịch vụ tài chính,Dịch vụ tài chính,135810000000,57.752,42.248,0,78682000
XMC,Công ty cổ phần Đầu tư và Xây dựng Xuân Mai,UPCOM,Xây dựng & Vật liệu,Xây dựng & Vật liệu,682450287849,21.004,78.996,0,43387020
XPH,Công ty Cổ phần Xà phòng Hà Nội,UPCOM,Hóa chất,Hóa chất,79443436900,0.141,99.859,80,58533535
YBC,Công ty Cổ phần Xi măng và Khoáng sản Yên Bái ,UPCOM,Xây dựng & Vật liệu,Xây dựng & Vật liệu,170725610000,1.328,98.672,0,57023500
YBM,Công ty cổ phần Khoáng sản công nghiệp Yên Bái,HOSE,Hóa chất,Hóa chất,73215385600,5.287,94.713,0,142285050
YEG,Công ty cổ phần Tập đoàn Yeah1,HOSE,Truyền thông,Phương tiện truyền thông,1451390515200,30.57,69.43,0,1619076600
